date,chrome-version,chrome-interop-2025-anchor-positioning,chrome-interop-2025-core-web-vitals,chrome-interop-2025-modules,chrome-interop-2025-navigation,chrome-interop-2025-backdrop-filter,chrome-interop-2023-events,chrome-interop-2024-layout,chrome-interop-2025-remove-mutation-events,chrome-interop-2025-scrollend,chrome-interop-2025-storageaccess,chrome-interop-2025-details,chrome-interop-2025-textdecoration,chrome-interop-2025-scope,chrome-interop-2025-urlpattern,chrome-interop-2025-view-transitions,chrome-interop-2025-webassembly,chrome-interop-2025-writingmodes,chrome-interop-2025-webcompat,chrome-interop-2025-webrtc,edge-version,edge-interop-2025-anchor-positioning,edge-interop-2025-core-web-vitals,edge-interop-2025-modules,edge-interop-2025-navigation,edge-interop-2025-backdrop-filter,edge-interop-2023-events,edge-interop-2024-layout,edge-interop-2025-remove-mutation-events,edge-interop-2025-scrollend,edge-interop-2025-storageaccess,edge-interop-2025-details,edge-interop-2025-textdecoration,edge-interop-2025-scope,edge-interop-2025-urlpattern,edge-interop-2025-view-transitions,edge-interop-2025-webassembly,edge-interop-2025-writingmodes,edge-interop-2025-webcompat,edge-interop-2025-webrtc,firefox-version,firefox-interop-2025-anchor-positioning,firefox-interop-2025-core-web-vitals,firefox-interop-2025-modules,firefox-interop-2025-navigation,firefox-interop-2025-backdrop-filter,firefox-interop-2023-events,firefox-interop-2024-layout,firefox-interop-2025-remove-mutation-events,firefox-interop-2025-scrollend,firefox-interop-2025-storageaccess,firefox-interop-2025-details,firefox-interop-2025-textdecoration,firefox-interop-2025-scope,firefox-interop-2025-urlpattern,firefox-interop-2025-view-transitions,firefox-interop-2025-webassembly,firefox-interop-2025-writingmodes,firefox-interop-2025-webcompat,firefox-interop-2025-webrtc,safari-version,safari-interop-2025-anchor-positioning,safari-interop-2025-core-web-vitals,safari-interop-2025-modules,safari-interop-2025-navigation,safari-interop-2025-backdrop-filter,safari-interop-2023-events,safari-interop-2024-layout,safari-interop-2025-remove-mutation-events,safari-interop-2025-scrollend,safari-interop-2025-storageaccess,safari-interop-2025-details,safari-interop-2025-textdecoration,safari-interop-2025-scope,safari-interop-2025-urlpattern,safari-interop-2025-view-transitions,safari-interop-2025-webassembly,safari-interop-2025-writingmodes,safari-interop-2025-webcompat,safari-interop-2025-webrtc,interop-version,interop-interop-2025-anchor-positioning,interop-interop-2025-core-web-vitals,interop-interop-2025-modules,interop-interop-2025-navigation,interop-interop-2025-backdrop-filter,interop-interop-2023-events,interop-interop-2024-layout,interop-interop-2025-remove-mutation-events,interop-interop-2025-scrollend,interop-interop-2025-storageaccess,interop-interop-2025-details,interop-interop-2025-textdecoration,interop-interop-2025-scope,interop-interop-2025-urlpattern,interop-interop-2025-view-transitions,interop-interop-2025-webassembly,interop-interop-2025-writingmodes,interop-interop-2025-webcompat,interop-interop-2025-webrtc
2025-01-01,131.0.6778.204,973,738,955,989,884,845,998,0,821,622,804,911,884,1000,976,0,269,820,83,131.0.2903.112,952,721,955,984,434,809,998,0,821,532,804,911,884,1000,919,0,269,820,83,133.0.3,151,573,100,5,768,832,953,0,750,732,403,991,110,1,68,0,939,651,695,18.2 (20620.1.16.11.8),150,41,818,5,782,816,942,0,26,243,398,738,833,1,877,0,220,611,689,-,150,41,100,5,437,753,908,0,32,197,467,738,110,1,57,0,213,629,0
2025-01-05,131.0.6778.204,973,746,955,989,884,845,998,0,821,622,804,911,884,1000,983,0,269,820,83,131.0.2903.112,952,729,955,986,434,809,998,0,821,532,804,911,884,1000,915,0,269,820,83,133.0.3,151,573,100,5,768,832,953,0,750,732,403,991,110,1,68,0,939,651,695,18.2 (20620.1.16.11.8),150,41,818,5,782,816,942,0,17,243,398,738,833,1,874,0,220,611,689,-,150,41,100,5,437,753,908,0,21,197,467,738,110,1,57,0,213,629,0
2025-01-12,131.0.6778.264,977,746,955,989,956,849,998,0,821,622,804,911,884,1000,980,0,269,845,83,131.0.2903.146,956,721,955,978,492,813,998,0,821,532,804,911,884,1000,922,0,269,845,83,134.0,151,573,100,5,840,836,954,0,750,729,403,991,110,1,68,0,939,651,695,18.2 (20620.1.16.11.8),150,41,824,5,840,820,942,0,17,243,398,738,833,1,874,0,220,635,689,-,150,41,100,5,449,757,909,0,21,197,467,738,110,1,57,0,213,612,0
2025-01-13,131.0.6778.264,977,746,955,989,956,849,998,0,821,622,804,911,884,1000,983,0,269,845,83,131.0.2903.146,956,729,955,984,492,813,998,0,821,532,804,911,884,1000,911,0,269,845,83,134.0,151,573,100,5,840,836,954,0,750,729,403,991,110,1,68,0,939,651,695,18.2 (20620.1.16.11.8),150,41,824,5,840,820,943,0,17,243,398,738,833,1,877,0,220,635,689,-,150,41,100,5,449,757,909,0,21,197,467,738,110,1,57,0,213,612,0
2025-01-14,131.0.6778.264,977,746,955,989,956,849,998,0,821,622,804,911,884,1000,983,0,269,845,83,131.0.2903.146,956,729,955,984,492,813,998,0,821,532,804,911,884,1000,907,0,269,845,83,134.0,151,573,100,5,840,836,954,0,339,863,403,991,110,1,68,0,939,651,695,18.2 (20620.1.16.11.8),150,41,818,5,840,820,943,0,26,243,398,738,833,1,870,0,220,635,689,-,150,41,100,5,449,757,909,0,10,197,467,738,110,1,57,0,213,612,0
2025-01-19,132.0.6834.83,982,755,955,989,956,849,998,0,821,622,847,911,915,1000,983,0,985,845,83,132.0.2957.115,961,763,955,981,492,813,998,0,821,532,847,911,915,1000,907,0,985,845,83,134.0.1,151,573,100,5,840,836,954,0,339,863,403,991,110,1,68,0,939,651,737,18.2 (20620.1.16.11.8),150,41,824,5,840,796,942,0,26,243,398,738,833,1,874,0,220,635,689,-,150,41,100,5,449,733,909,0,10,197,443,738,110,1,57,0,222,612,0
2025-01-21,132.0.6834.83,982,755,955,989,956,849,998,0,821,622,847,911,915,1000,983,0,985,845,83,132.0.2957.115,961,763,955,984,492,813,998,0,821,532,847,911,915,1000,919,0,985,845,83,134.0.1,151,573,100,5,840,836,954,0,339,732,403,991,110,1,68,0,939,651,737,18.2 (20620.1.16.11.8),150,41,818,5,840,820,942,0,26,243,398,738,833,1,874,0,220,635,689,-,150,41,100,5,449,757,909,0,10,197,443,738,110,1,57,0,222,612,0
2025-01-26,132.0.6834.110,982,755,955,989,956,849,998,0,821,622,847,911,915,1000,982,0,985,845,83,132.0.2957.127,961,763,955,973,492,813,998,0,821,532,847,911,915,1000,929,0,985,845,83,134.0.2,151,573,100,5,840,836,954,0,339,732,403,991,110,1,68,0,939,651,737,18.2 (20620.1.16.11.8),150,41,818,5,840,796,942,0,26,243,398,738,833,1,879,0,220,635,689,-,150,41,100,5,449,733,909,0,10,197,443,738,110,1,57,0,222,612,0
2025-01-27,132.0.6834.110,982,755,955,989,956,849,998,0,821,622,847,911,915,1000,986,0,985,845,83,132.0.2957.127,961,763,955,978,492,813,998,0,821,532,847,911,915,1000,910,0,985,845,83,134.0.2,151,573,100,5,840,836,954,0,339,732,403,991,110,1,68,0,939,651,737,18.2 (20620.1.16.11.8),150,41,818,5,840,820,942,0,26,243,398,738,833,1,871,0,220,635,689,-,150,41,100,5,449,757,910,0,10,197,443,738,110,1,57,0,222,612,0
2025-02-02,132.0.6834.159,982,755,955,906,956,849,998,0,821,622,847,911,915,1000,982,0,985,845,83,132.0.2957.140,961,763,955,896,492,813,998,0,821,532,847,911,915,1000,925,0,985,845,83,134.0.2,151,573,100,5,840,836,954,0,339,732,403,991,110,1,68,0,939,663,737,18.3 (20620.2.4.11.5),150,41,818,5,840,796,942,0,26,243,398,738,833,1,875,0,220,635,689,-,150,41,100,5,449,716,909,0,10,197,443,738,110,1,57,0,222,603,0
2025-02-03,132.0.6834.159,982,755,955,906,956,849,998,0,821,622,847,911,915,1000,978,0,985,845,83,132.0.2957.140,961,763,955,898,492,813,998,0,821,532,847,911,915,1000,921,0,985,845,83,134.0.2,151,573,100,5,840,836,954,0,339,732,403,991,110,1,68,0,939,663,737,18.3 (20620.2.4.11.5),150,41,818,5,840,820,942,0,26,243,398,738,833,1,875,0,220,635,689,-,150,41,100,5,449,739,909,0,10,197,443,738,110,1,57,0,222,603,0
2025-02-06,133.0.6943.53,992,755,955,906,956,904,998,1000,821,622,847,911,1000,1000,982,0,985,845,83,132.0.2957.140,961,763,955,898,492,813,998,1000,821,532,847,911,915,1000,925,0,985,845,83,135.0,151,573,100,5,840,928,954,400,339,726,403,991,110,1,68,0,939,688,737,18.3 (20620.2.4.11.5),150,41,818,5,840,820,941,300,17,243,398,738,833,1,875,0,220,635,689,-,150,41,100,5,449,764,908,300,10,197,443,738,110,1,53,0,222,631,0
2025-02-09,133.0.6943.53,992,755,955,906,956,904,998,1000,821,622,847,911,1000,1000,982,0,985,845,83,133.0.3065.51,971,763,955,896,492,837,998,1000,821,532,847,911,1000,1000,917,0,985,845,83,135.0,151,573,100,5,840,904,954,400,339,721,403,991,110,1,68,0,945,688,737,18.3 (20620.2.4.11.5),150,41,824,5,840,820,942,300,17,243,398,738,833,1,871,0,220,635,689,-,150,41,100,5,449,740,909,300,10,197,443,738,110,1,53,0,220,631,0
2025-02-10,133.0.6943.53,992,755,955,906,956,904,998,1000,821,622,847,911,1000,1000,985,0,985,845,83,133.0.3065.51,971,763,955,898,492,837,998,1000,821,532,847,911,1000,1000,936,0,985,845,83,135.0,151,582,100,5,840,904,954,400,339,717,403,991,110,1,68,0,945,688,737,18.3 (20620.2.4.11.5),150,41,818,5,840,820,942,300,26,243,398,738,833,1,879,0,220,635,689,-,150,41,100,5,449,740,910,300,10,197,443,738,110,1,57,0,220,631,0
2025-02-16,133.0.6943.98,992,746,955,906,956,904,998,1000,821,622,847,911,1000,1000,985,500,985,845,83,133.0.3065.69,971,763,955,898,492,813,998,1000,821,532,847,911,1000,1000,924,500,985,845,83,135.0,151,573,100,5,840,904,954,400,339,721,403,991,110,1,68,500,945,688,737,18.3 (20620.2.4.11.5),150,41,818,5,840,820,942,300,26,243,398,738,833,1,875,0,220,635,689,-,150,41,100,5,449,740,909,300,10,197,443,738,110,1,57,0,220,631,0
2025-02-17,133.0.6943.98,992,755,955,906,956,904,998,1000,821,622,847,911,1000,1000,985,500,985,845,83,133.0.3065.69,971,763,955,898,492,813,998,1000,821,532,847,911,1000,1000,932,500,985,845,83,135.0,151,573,100,5,840,904,954,400,339,721,403,991,110,1,68,500,945,688,737,18.3 (20620.2.4.11.5),150,41,818,5,840,820,943,300,17,243,398,738,833,1,875,0,220,635,689,-,150,41,100,5,449,740,910,300,10,197,443,738,110,1,53,0,220,631,0
2025-02-18,133.0.6943.98,992,755,955,906,956,904,998,1000,821,622,847,911,1000,1000,985,500,985,967,83,133.0.3065.69,971,763,955,893,492,813,998,1000,821,532,847,911,1000,1000,905,500,985,967,83,135.0,151,582,100,5,840,904,954,400,339,721,403,991,110,1,68,500,945,688,737,18.3 (20620.2.4.11.5),150,41,818,5,840,796,942,300,17,243,398,738,833,1,879,0,220,635,689,-,150,41,100,5,449,716,909,300,10,197,443,738,110,1,53,0,220,554,0
2025-02-23,133.0.6943.126,992,755,944,906,956,904,998,1000,821,622,847,911,1000,1000,978,500,985,967,83,133.0.3065.82,971,763,944,901,492,813,998,1000,821,532,847,911,1000,1000,913,500,985,967,83,135.0.1,151,573,111,5,840,928,954,400,339,721,403,991,110,1,68,500,945,688,737,18.3 (20620.2.4.11.5),150,41,818,5,840,820,942,300,26,243,398,738,833,1,867,0,220,635,689,-,150,41,111,5,449,740,909,300,10,197,443,738,110,1,57,0,220,554,0
2025-03-09,134.0.6998.35,989,759,944,906,956,904,998,1000,821,696,847,911,1000,986,966,500,985,918,83,134.0.3124.51,968,768,944,898,492,813,998,1000,821,637,847,911,1000,986,905,500,985,918,83,136.0,150,578,111,5,840,928,959,400,339,812,403,991,110,1,68,500,945,736,737,18.3 (20620.2.4.11.5),149,46,824,5,855,820,942,300,17,330,398,738,833,1,869,0,220,587,689,-,149,46,111,5,463,740,914,300,10,284,443,738,110,1,57,0,220,554,0
2025-03-11,134.0.6998.88,989,759,944,906,956,904,998,1000,821,696,847,911,1000,986,974,500,985,918,83,134.0.3124.51,968,768,944,901,492,813,998,1000,821,637,847,911,1000,986,924,500,985,918,83,136.0,150,578,111,5,840,928,959,400,339,812,403,991,110,1,68,500,945,736,737,18.3 (20620.2.4.11.5),149,46,824,5,855,820,942,300,26,330,398,738,833,1,865,0,220,587,689,-,149,46,111,5,463,740,914,300,10,284,443,738,110,1,53,0,220,554,0
2025-03-16,134.0.6998.88,989,759,944,906,956,904,998,1000,821,696,847,911,1000,986,974,500,985,920,83,134.0.3124.72,968,768,944,898,492,813,998,1000,821,637,847,911,1000,986,905,500,985,920,83,136.0.1,150,578,111,5,840,928,959,400,339,812,403,991,110,1,68,500,945,739,737,18.3 (20620.2.4.11.5),149,46,824,5,855,820,942,300,26,330,398,738,833,1,869,0,220,587,689,-,149,46,111,5,463,740,913,300,10,284,432,738,110,1,49,0,220,556,0
2025-03-17,134.0.6998.88,989,759,944,906,956,904,998,1000,821,696,847,911,1000,986,974,500,985,920,83,134.0.3124.72,968,768,944,901,492,813,998,1000,821,637,847,911,1000,986,913,500,985,920,83,136.0.1,150,586,111,5,840,928,959,400,339,812,403,991,110,1,68,500,945,739,737,18.3 (20620.2.4.11.5),149,46,818,5,855,820,942,300,26,330,398,738,833,1,869,0,220,587,689,-,149,46,111,5,463,740,914,300,10,284,432,738,110,1,53,0,220,556,0
2025-03-21,134.0.6998.90,989,759,944,906,956,904,997,1000,1000,696,847,911,1000,984,966,500,985,920,0,134.0.3124.72,968,768,944,896,492,813,997,1000,1000,637,847,911,1000,984,917,500,985,920,83,136.0.2,150,578,111,5,840,928,958,400,410,812,403,991,110,1,68,500,951,739,737,18.3 (20620.2.4.11.5),149,46,824,5,855,820,942,300,17,330,398,738,833,1,865,0,220,587,689,-,149,46,111,5,463,740,913,300,8,284,432,738,110,1,53,0,220,556,0
2025-03-23,134.0.6998.165,977,759,944,906,956,904,997,1000,1000,696,847,911,1000,984,974,500,985,920,83,134.0.3124.83,956,768,944,898,492,813,997,1000,1000,637,847,911,1000,984,917,500,985,920,83,136.0.2,154,578,111,5,840,928,958,400,410,808,403,991,110,1,68,500,951,727,737,18.3 (20620.2.4.11.5),153,46,818,5,855,820,942,300,17,330,398,738,833,1,865,0,220,587,689,-,153,46,111,5,463,740,913,300,8,284,432,738,110,1,53,0,220,556,0
2025-03-24,134.0.6998.165,977,759,944,906,956,904,997,1000,1000,696,847,911,1000,984,970,500,985,920,83,134.0.3124.83,956,768,944,901,492,813,997,1000,1000,637,847,911,1000,984,913,500,985,920,83,136.0.2,154,578,111,5,840,928,958,400,410,812,403,991,110,1,68,500,951,727,737,18.3 (20620.2.4.11.5),153,46,818,5,855,820,943,300,26,330,398,738,833,1,869,0,220,587,689,-,153,46,111,5,463,740,914,300,8,284,432,738,110,1,57,0,220,556,0
2025-04-02,135.0.7049.42,971,759,944,992,956,904,997,1000,1000,696,847,911,1000,977,978,500,1000,926,83,134.0.3124.93,905,768,944,901,492,813,962,1000,1000,637,847,911,1000,977,867,500,842,920,83,137.0,150,578,144,5,840,928,959,400,928,812,403,1000,110,1,68,500,976,739,737,18.4 (20621.1.15.11.10),148,46,851,5,855,820,944,300,26,330,599,738,845,1,879,0,722,649,689,-,148,46,111,5,463,740,882,300,26,284,463,738,110,1,49,0,620,558,0
2025-04-07,135.0.7049.42,971,759,944,992,956,904,997,1000,1000,696,842,911,1000,977,974,500,1000,926,83,135.0.3179.54,908,768,944,986,623,813,962,1000,1000,637,842,911,1000,977,894,500,856,926,83,137.0,150,578,144,5,840,928,959,400,928,812,424,1000,110,1,68,500,976,739,737,18.4 (20621.1.15.11.10),148,46,851,5,855,820,944,300,26,330,598,738,845,1,882,0,722,649,689,-,148,46,111,5,550,740,882,300,26,284,488,738,110,1,53,0,620,564,0
2025-04-09,135.0.7049.84,971,742,944,992,956,904,997,1000,1000,696,842,911,1000,977,978,500,1000,926,83,135.0.3179.54,908,768,944,984,623,813,962,1000,1000,637,842,911,1000,977,894,500,856,926,83,137.0.1,149,595,144,5,840,928,959,400,928,812,424,1000,110,1,68,500,976,739,737,18.4 (20621.1.15.11.10),148,46,858,5,855,820,944,300,17,330,598,738,845,1,882,0,722,649,689,-,148,46,111,5,550,740,882,300,17,284,488,738,110,1,53,0,620,564,0
2025-04-12,135.0.7049.84,971,759,944,992,956,904,997,1000,1000,696,842,911,1000,977,978,500,1000,926,83,135.0.3179.73,908,768,944,986,623,813,962,1000,1000,637,842,911,1000,977,886,500,856,926,83,137.0.1,149,595,144,5,840,928,959,400,928,808,424,1000,110,1,68,500,976,739,737,18.4 (20621.1.15.11.10),148,46,851,5,855,820,944,300,26,330,598,738,845,1,882,0,722,649,689,-,148,46,111,5,550,740,882,300,26,284,488,738,110,1,49,0,620,564,0
2025-04-13,135.0.7049.84,971,759,944,992,956,904,997,1000,1000,696,842,911,1000,977,973,500,1000,926,83,135.0.3179.73,908,768,944,984,623,813,962,1000,1000,637,842,911,1000,977,886,500,856,926,83,137.0.1,149,595,144,5,840,928,959,400,928,812,424,1000,110,1,68,500,976,739,737,18.4 (20621.1.15.11.10),148,46,851,5,855,820,944,300,26,330,598,738,845,1,882,0,722,649,689,-,148,46,111,5,550,740,882,300,26,284,488,738,110,1,53,0,620,564,0
2025-04-16,135.0.7049.95,971,759,944,992,956,904,997,1000,1000,696,842,911,1000,977,974,500,1000,926,83,135.0.3179.73,908,768,944,986,623,813,962,1000,1000,607,842,911,1000,977,894,500,856,926,83,137.0.2,149,595,144,5,840,928,959,400,928,812,424,1000,110,1,68,500,976,739,737,18.4 (20621.1.15.11.10),148,46,851,5,855,820,944,300,17,330,598,738,845,1,882,0,722,649,689,-,148,46,111,5,550,740,882,300,17,284,488,738,110,1,53,0,620,564,0
2025-04-18,135.0.7049.95,971,759,944,992,956,904,997,1000,1000,696,842,911,1000,977,978,500,1000,926,83,135.0.3179.85,908,768,944,989,623,813,962,1000,1000,607,842,911,1000,977,898,500,856,926,83,137.0.2,149,595,144,5,840,928,959,400,928,812,424,1000,110,1,68,500,976,739,737,18.4 (20621.1.15.11.10),148,46,858,5,855,820,944,300,26,330,598,738,845,1,879,0,722,649,689,-,148,46,111,5,550,740,882,300,26,284,488,738,110,1,49,0,620,564,0
2025-04-22,135.0.7049.95,971,751,944,992,956,904,997,1000,1000,696,842,911,1000,977,982,500,1000,926,83,135.0.3179.85,908,768,944,986,623,813,962,1000,1000,607,842,911,1000,977,898,500,856,926,83,137.0.2,149,595,144,5,840,928,959,400,928,812,424,1000,110,1,68,500,976,727,737,18.4 (20621.1.15.11.10),148,46,858,5,855,820,944,300,26,330,598,738,845,1,882,0,722,649,689,-,148,46,111,5,550,740,882,300,26,284,488,738,110,1,53,0,620,564,0
2025-04-24,135.0.7049.114,970,759,944,992,956,904,997,1000,1000,696,842,911,1000,977,982,500,1000,926,83,135.0.3179.85,906,768,944,984,623,813,962,1000,1000,607,842,911,1000,977,894,500,856,926,83,137.0.2,149,595,144,5,840,928,959,400,928,812,424,1000,110,1,68,500,976,739,737,18.4 (20621.1.15.11.10),148,46,851,5,855,820,944,300,26,330,598,738,845,1,882,0,722,649,689,-,148,46,111,5,550,740,882,300,26,284,488,738,110,1,53,0,620,564,0
2025-04-27,135.0.7049.114,970,759,944,992,956,904,997,1000,1000,696,842,911,1000,977,978,500,1000,926,83,135.0.3179.98,906,768,944,989,623,813,962,1000,1000,607,842,911,1000,977,898,500,856,926,83,137.0.2,149,595,144,5,840,928,959,400,928,812,424,1000,110,1,68,500,976,739,729,18.4 (20621.1.15.11.10),148,46,851,5,855,796,944,300,26,330,598,738,845,1,879,0,722,649,709,-,148,46,111,5,550,716,882,300,26,284,488,738,110,1,49,0,620,564,0
2025-05-13,136.0.7103.92,979,759,944,992,956,928,999,1000,1000,696,869,911,1000,977,986,500,1000,975,83,136.0.3240.64,916,768,944,986,623,869,963,1000,1000,607,869,911,1000,977,905,500,856,926,83,138.0.1,149,603,1000,5,840,904,958,400,928,812,424,1000,110,1,45,500,982,873,729,18.4 (20621.1.15.11.10),148,46,851,5,855,796,944,300,26,330,598,738,845,1,890,0,722,649,709,-,148,46,796,5,550,748,882,300,26,284,488,738,110,1,41,0,626,613,0
2025-05-15,136.0.7103.94,979,751,944,992,956,928,999,1000,1000,696,869,911,1000,977,989,500,1000,975,0,136.0.3240.64,916,768,944,984,623,869,963,1000,1000,637,869,911,1000,977,905,500,856,926,83,138.0.3,149,603,1000,5,840,904,958,400,928,812,424,1000,110,1,45,500,982,873,729,18.5 (20621.2.5.11.8),148,46,851,5,855,796,944,300,17,330,598,738,845,1,890,0,722,649,709,-,148,46,796,5,550,748,882,300,17,284,488,738,110,1,41,0,626,613,0
2025-05-17,136.0.7103.94,979,759,944,992,956,928,999,1000,1000,696,869,911,1000,977,974,500,1000,975,83,136.0.3240.76,916,768,944,989,623,869,963,1000,1000,637,869,911,1000,977,909,500,856,926,83,138.0.3,149,603,1000,5,840,904,958,400,928,812,424,1000,110,1,45,500,982,873,729,18.5 (20621.2.5.11.8),148,46,851,5,855,796,944,300,26,330,598,738,845,1,902,0,722,649,701,-,148,46,796,5,550,748,882,300,26,284,488,738,110,1,41,0,626,613,0
2025-05-22,136.0.7103.113,979,751,944,992,956,928,999,1000,1000,696,869,911,1000,977,989,500,1000,975,83,136.0.3240.76,983,999,944,986,840,928,999,1000,1000,637,869,911,1000,977,983,500,1000,926,732,138.0.4,149,603,1000,5,840,904,958,400,928,808,424,1000,110,1,45,500,982,873,729,18.5 (20621.2.5.11.8),148,46,851,5,855,772,944,300,26,330,598,738,845,1,898,0,728,649,701,-,148,46,796,5,753,724,914,300,26,284,488,738,110,1,38,0,728,613,0
2025-05-25,136.0.7103.113,979,759,944,992,956,928,999,1000,1000,696,869,911,1000,977,982,500,1000,975,83,136.0.3240.92,983,999,944,984,840,928,999,1000,1000,637,869,911,1000,977,975,500,1000,926,732,138.0.4,149,612,1000,5,840,881,958,400,928,812,424,1000,110,1,45,500,982,873,729,18.5 (20621.2.5.11.8),148,46,851,5,855,796,944,300,26,330,598,738,845,1,898,0,728,649,701,-,148,46,796,5,753,748,914,300,26,284,488,738,110,1,38,0,728,613,0
2025-05-26,136.0.7103.113,979,759,944,992,956,928,999,1000,1000,696,869,911,1000,977,986,500,1000,975,83,136.0.3240.92,983,999,944,981,840,928,999,1000,1000,637,869,911,1000,977,975,500,1000,926,732,138.0.4,149,603,1000,5,840,881,958,400,928,812,424,1000,110,1,45,500,982,873,729,18.5 (20621.2.5.11.8),148,46,851,5,855,796,944,300,17,330,598,738,845,1,898,0,728,649,701,-,148,46,796,5,753,748,914,300,17,284,488,738,110,1,34,0,728,613,0
2025-06-01,137.0.7151.55,979,759,943,992,956,928,999,1000,1000,696,869,911,1000,977,975,500,1000,963,83,137.0.3296.52,983,999,943,989,840,928,999,1000,1000,637,869,911,1000,977,968,500,1000,914,732,139.0.1,149,603,986,5,840,904,960,400,928,812,652,1000,110,1,45,500,1000,861,729,18.5 (20621.2.5.11.8),148,46,849,5,855,772,944,300,26,330,598,738,845,1,898,0,728,637,701,-,148,46,787,5,753,748,915,300,26,284,488,738,110,1,34,0,728,600,0
2025-06-07,137.0.7151.68,979,759,943,992,956,928,999,1000,1000,696,869,911,1000,977,991,500,1000,963,83,137.0.3296.68,983,999,943,986,840,928,999,1000,1000,637,869,911,1000,977,975,500,1000,914,732,139.0.1,149,603,986,5,840,904,960,400,928,808,652,1000,110,1,45,500,1000,861,729,18.5 (20621.2.5.11.8),148,46,843,5,855,772,944,300,17,330,598,738,845,1,902,0,728,637,701,-,148,46,780,5,753,748,915,300,17,284,488,738,110,1,38,0,728,600,0
2025-06-14,137.0.7151.70,979,751,943,989,956,928,999,1000,1000,696,869,911,1000,977,994,500,1000,963,83,137.0.3296.83,983,999,943,981,840,928,999,1000,1000,637,869,911,1000,977,983,500,1000,914,732,139.0.4,149,603,986,5,840,904,960,400,928,812,652,1000,110,1,45,500,1000,861,729,18.5 (20621.2.5.11.8),148,46,843,5,855,796,944,300,26,330,598,738,845,1,902,0,728,637,701,-,148,46,780,5,753,771,915,300,26,284,488,738,110,1,38,0,728,600,0
2025-06-15,137.0.7151.70,979,759,943,989,956,928,999,1000,1000,696,869,911,1000,977,990,500,1000,963,83,137.0.3296.83,983,999,943,978,840,928,999,1000,1000,637,869,911,1000,977,972,500,1000,914,732,139.0.4,149,603,986,5,840,904,960,400,928,812,652,1000,110,1,45,500,1000,861,729,18.5 (20621.2.5.11.8),148,46,843,5,855,796,944,300,17,330,598,738,845,1,902,0,728,637,701,-,148,46,780,5,753,771,915,300,17,284,488,738,110,1,38,0,728,600,0
2025-06-16,137.0.7151.70,979,751,943,989,956,928,999,1000,1000,696,869,911,1000,977,979,500,1000,963,83,137.0.3296.83,983,999,943,981,840,928,999,1000,1000,637,869,911,1000,977,983,500,1000,914,732,139.0.4,149,612,986,5,840,904,960,400,928,808,652,1000,110,1,45,500,1000,861,729,18.5 (20621.2.5.11.8),148,46,849,5,855,796,944,300,26,330,598,738,845,1,902,0,728,637,701,-,148,46,787,5,753,771,915,300,26,284,488,738,110,1,38,0,728,600,0
2025-06-17,137.0.7151.70,983,759,943,989,956,928,999,1000,1000,696,869,911,1000,977,990,500,1000,963,83,137.0.3296.83,983,999,943,984,840,928,999,1000,1000,637,869,911,1000,977,975,500,1000,914,732,139.0.4,149,603,986,5,840,881,960,400,928,812,652,1000,110,1,45,500,1000,861,729,18.5 (20621.2.5.11.8),148,46,849,5,855,796,944,300,17,330,598,738,845,1,905,0,728,637,701,-,148,46,787,5,753,748,915,300,17,284,488,738,110,1,41,0,728,600,0
2025-06-20,137.0.7151.119,983,751,943,989,956,928,999,1000,1000,696,869,911,1000,977,994,500,1000,963,83,137.0.3296.93,983,999,943,984,840,928,999,1000,1000,637,869,911,1000,977,975,500,1000,914,718,139.0.4,149,603,986,5,840,904,960,400,928,812,652,1000,110,1,45,500,1000,861,715,18.5 (20621.2.5.11.8),148,46,849,5,855,772,944,300,17,330,598,738,845,1,902,0,728,637,687,-,148,46,787,5,753,748,915,300,17,284,488,738,110,1,38,0,728,600,0
2025-06-24,137.0.7151.119,983,759,943,989,956,928,999,1000,1000,696,869,911,1000,977,982,500,1000,963,83,137.0.3296.93,983,999,943,984,840,928,999,1000,1000,637,869,911,1000,977,983,500,1000,914,718,139.0.4,149,603,986,5,840,904,962,400,928,812,652,1000,110,1,45,500,1000,861,715,18.5 (20621.2.5.11.8),148,46,843,5,855,748,945,300,26,330,598,738,845,1,909,0,728,637,687,-,148,46,780,5,753,724,917,300,26,284,488,738,110,1,41,0,728,600,0
2025-06-25,138.0.7204.49,991,759,943,989,985,928,999,1000,1000,696,869,911,1000,977,980,500,1000,963,83,137.0.3296.93,983,999,943,986,840,928,999,1000,1000,637,869,911,1000,977,972,500,1000,914,718,140.0,149,774,991,5,840,998,971,1000,928,812,652,1000,110,1,45,500,1000,861,715,18.5 (20621.2.5.11.8),148,46,849,5,855,736,945,300,26,330,598,738,845,1,894,0,728,637,687,-,148,46,792,5,753,712,921,300,26,284,488,738,110,1,38,0,728,600,0
2025-06-28,138.0.7204.49,991,759,943,989,985,928,999,1000,1000,696,869,911,1000,977,979,500,1000,963,83,138.0.3351.55,991,999,943,986,869,928,999,1000,1000,637,869,911,1000,977,984,500,997,926,718,140.0.2,149,774,991,5,840,998,971,1000,928,812,652,1000,110,1,45,500,1000,861,715,18.5 (20621.2.5.11.8),148,38,843,5,855,796,945,300,26,330,598,738,845,1,901,0,728,637,687,-,148,38,786,5,753,771,921,300,26,284,488,738,110,1,38,0,726,600,0
2025-06-30,138.0.7204.49,991,759,943,989,985,928,999,1000,1000,696,869,911,1000,977,968,500,1000,963,83,138.0.3351.55,991,999,943,986,869,928,999,1000,1000,637,869,911,1000,977,980,500,997,926,718,140.0.2,149,774,991,5,840,998,971,1000,928,812,652,1000,110,1,45,500,1000,861,715,18.5 (20621.2.5.11.8),148,38,849,5,855,772,945,300,26,330,598,738,845,1,901,0,728,637,687,-,148,38,792,5,753,748,921,300,26,284,488,738,110,1,34,0,726,600,0
2025-07-04,138.0.7204.92,991,759,943,989,985,952,999,1000,1000,696,869,911,1000,977,983,500,1000,963,83,138.0.3351.65,991,999,943,984,884,952,999,1000,1000,637,869,911,1000,977,984,500,997,926,718,140.0.2,149,774,991,5,840,975,971,1000,1000,808,652,1000,110,1,45,500,1000,873,715,18.5 (20621.2.5.11.8),148,38,843,5,869,796,945,300,26,330,598,738,845,1,905,0,728,637,687,-,148,38,786,5,753,771,921,300,26,284,488,738,110,1,41,0,726,600,0
2025-07-05,138.0.7204.92,991,751,943,989,985,952,999,1000,1000,696,869,911,1000,977,983,500,1000,963,0,138.0.3351.65,991,999,943,981,884,952,999,1000,1000,637,869,911,1000,977,987,500,997,926,718,140.0.2,149,774,991,5,840,975,971,1000,1000,812,652,1000,110,1,45,500,1000,873,715,18.5 (20621.2.5.11.8),148,38,849,5,869,796,945,300,26,330,598,738,845,1,901,0,728,637,687,-,148,38,792,5,753,771,921,300,26,284,488,738,110,1,41,0,726,600,0
2025-07-10,138.0.7204.94,991,751,943,989,985,928,999,1000,1000,696,869,911,1000,977,968,500,1000,963,83,138.0.3351.77,988,999,943,984,884,928,999,1000,1000,637,869,911,1000,977,987,500,997,926,718,140.0.4,149,774,991,5,840,998,971,1000,1000,812,652,1000,110,1,45,500,1000,873,715,18.5 (20621.2.5.11.8),148,38,843,5,869,796,945,300,26,330,598,738,845,1,901,0,728,637,687,-,148,38,786,5,753,771,921,300,26,284,488,738,110,1,41,0,726,600,0
2025-07-13,138.0.7204.94,991,759,943,989,971,928,999,1000,1000,696,869,911,1000,977,979,500,1000,963,83,138.0.3351.83,990,999,943,986,869,928,999,1000,1000,637,869,911,1000,977,987,500,997,926,718,140.0.4,149,774,991,5,840,998,971,1000,1000,812,652,1000,110,1,45,500,1000,873,715,18.5 (20621.2.5.11.8),148,38,843,5,913,772,945,300,26,330,598,738,845,1,905,0,728,637,687,-,148,38,786,5,768,748,921,300,26,284,488,738,110,1,45,0,726,600,0
2025-07-14,138.0.7204.94,991,759,943,989,971,928,999,1000,1000,696,869,911,1000,977,979,500,1000,963,83,138.0.3351.83,988,999,943,981,869,928,999,1000,1000,637,869,911,1000,977,987,500,997,926,718,140.0.4,149,774,991,5,840,998,971,1000,1000,808,652,1000,110,1,45,500,1000,873,715,18.5 (20621.2.5.11.8),148,38,843,5,913,796,945,300,17,330,598,738,845,1,901,0,728,637,687,-,148,38,786,5,768,771,921,300,17,284,488,738,110,1,41,0,726,600,0
2025-07-15,138.0.7204.94,991,759,943,989,971,928,999,1000,1000,696,869,911,1000,977,975,500,1000,963,83,138.0.3351.83,988,999,943,984,869,928,999,1000,1000,637,869,911,1000,977,984,500,997,926,718,140.0.4,149,774,991,5,840,998,971,1000,1000,812,652,1000,110,1,45,500,1000,873,715,18.5 (20621.2.5.11.8),148,38,843,5,913,772,945,300,17,330,598,738,845,1,901,0,728,637,687,-,148,38,786,5,768,748,921,300,17,284,488,738,110,1,41,0,726,600,0
2025-07-20,138.0.7204.157,991,759,943,989,971,928,999,1000,1000,696,891,911,1000,977,983,500,1000,963,83,138.0.3351.95,990,999,943,981,869,928,999,1000,1000,637,891,911,1000,977,987,500,997,926,718,140.0.4,149,774,991,5,855,998,971,1000,1000,812,673,1000,110,1,45,500,1000,873,715,18.5 (20621.2.5.11.8),148,38,843,5,913,796,945,300,26,330,598,738,845,1,901,0,728,637,687,-,148,38,786,5,768,771,921,300,26,284,476,738,110,1,41,0,726,600,0
2025-07-21,138.0.7204.157,991,759,943,989,971,928,999,1000,1000,696,891,911,1000,977,987,500,1000,963,83,138.0.3351.95,988,999,943,986,869,928,999,1000,1000,637,891,911,1000,977,987,500,997,926,718,140.0.4,149,774,991,5,855,998,971,1000,1000,812,673,1000,110,1,45,500,1000,873,715,18.5 (20621.2.5.11.8),148,38,849,5,913,796,945,300,26,330,598,738,845,1,901,0,728,637,687,-,148,38,792,5,768,771,921,300,26,284,476,738,110,1,41,0,726,600,0
2025-07-28,138.0.7204.168,991,759,943,989,966,928,999,1000,1000,696,891,908,1000,977,987,500,1000,963,83,138.0.3351.109,988,999,943,981,869,928,999,1000,1000,637,891,908,1000,977,987,500,997,926,718,141.0,149,809,1000,5,855,999,971,1000,1000,951,673,996,110,1,45,500,1000,995,750,18.5 (20621.2.5.11.8),148,38,849,5,913,766,945,300,26,330,598,741,845,1,905,0,722,637,687,-,148,38,792,5,763,742,921,300,26,284,476,741,110,1,45,0,722,613,0
2025-08-03,138.0.7204.183,972,759,943,981,971,928,999,1000,1000,696,891,903,1000,977,979,500,1000,963,83,138.0.3351.121,971,999,943,976,869,928,999,1000,1000,637,891,903,1000,977,987,500,997,926,704,141.0,149,809,1000,5,855,999,971,1000,1000,954,673,957,110,1,45,500,1000,995,702,18.5 (20621.2.5.11.8),148,38,849,5,913,796,945,300,26,330,598,750,845,1,905,0,722,637,673,-,148,38,792,5,768,771,921,300,26,284,424,745,110,1,45,0,720,613,0
2025-09-12,140.0.7339.82,964,751,947,986,985,952,1000,1000,857,696,891,959,993,971,1000,500,1000,1000,83,140.0.3485.66,964,1000,947,984,869,952,999,1000,1000,592,891,959,993,971,992,500,1000,1000,704,142.0.1,149,809,1000,5,1000,999,974,1000,1000,954,673,959,108,966,41,500,1000,995,702,18.6 (20621.3.11.11.3),148,38,800,5,913,820,945,300,26,330,598,750,841,1,905,0,770,636,673,-,148,38,800,5,869,795,923,300,26,273,424,750,108,1,41,0,770,636,0
2025-09-17,140.0.7339.82,964,759,947,986,985,952,1000,1000,857,696,891,959,993,971,996,500,1000,1000,83,140.0.3485.66,964,1000,947,981,869,952,999,1000,1000,637,891,959,993,971,988,500,1000,1000,704,143.0,149,818,1000,5,1000,999,986,1000,1000,951,1000,1000,108,966,41,500,1000,995,702,18.6 (20621.3.11.11.3),149,38,793,5,913,820,945,300,26,330,598,750,842,1,901,0,770,636,673,-,149,38,793,5,869,795,935,300,26,284,598,750,108,1,41,0,770,636,0
2025-09-23,140.0.7339.185,948,759,947,992,985,952,1000,1000,1000,696,891,959,993,971,996,500,1000,1000,83,140.0.3485.81,948,1000,947,986,869,952,999,1000,1000,637,891,959,993,971,988,500,1000,1000,704,143.0.1,149,809,1000,5,1000,999,986,1000,1000,954,1000,1000,108,966,41,500,1000,995,702,26.0 (21622.1.22.11.14),801,38,793,5,985,814,954,1000,17,443,598,795,882,1000,919,0,786,697,872,-,149,38,793,5,869,789,944,1000,17,376,598,795,108,966,41,0,786,697,0
2025-09-27,140.0.7339.207,937,759,947,992,985,952,1000,1000,1000,696,891,959,993,971,996,500,1000,1000,83,140.0.3485.94,937,1000,947,984,884,952,999,1000,1000,592,891,959,993,971,988,500,1000,1000,704,143.0.1,149,809,1000,5,1000,999,986,1000,1000,951,1000,1000,108,966,41,500,1000,995,702,26.0 (21622.1.22.11.14),798,38,800,5,985,820,954,1000,17,443,598,795,882,1000,952,0,786,697,872,-,149,38,800,5,869,795,944,1000,17,342,598,795,108,966,41,0,786,697,0
2025-09-29,140.0.7339.207,937,751,947,992,985,952,1000,1000,1000,696,891,959,993,971,996,500,1000,1000,83,140.0.3485.94,937,1000,947,986,884,952,999,1000,1000,637,891,959,993,888,988,500,1000,1000,704,143.0.1,149,827,1000,5,1000,999,986,1000,1000,1000,1000,1000,108,966,41,500,1000,995,702,26.0 (21622.1.22.11.14),798,38,793,5,985,820,954,1000,26,443,598,795,882,1000,949,0,786,697,872,-,149,38,793,5,869,795,944,1000,26,376,598,795,108,882,41,0,786,697,0
2025-10-03,141.0.7390.54,971,759,947,992,985,952,1000,1000,1000,696,1000,1000,993,1000,996,500,1000,1000,819,141.0.3537.57,971,1000,913,978,884,952,999,1000,1000,637,1000,1000,993,1000,980,500,1000,1000,833,143.0.3,149,818,1000,5,1000,999,986,1000,1000,1000,1000,1000,108,966,41,500,1000,995,702,26.0 (21622.1.22.11.14),798,38,800,5,985,820,955,1000,17,443,598,795,882,1000,958,0,786,697,872,-,149,38,766,5,869,795,945,1000,17,376,598,795,108,966,38,0,786,697,696
2025-10-04,141.0.7390.54,967,759,947,992,985,952,1000,1000,1000,696,1000,1000,993,1000,996,500,1000,1000,750,141.0.3537.57,967,1000,947,973,884,952,999,1000,1000,637,1000,1000,993,1000,988,500,1000,1000,833,143.0.4,149,818,1000,5,1000,999,986,1000,1000,1000,1000,1000,108,966,41,500,1000,995,702,26.0 (21622.1.22.11.14),793,38,800,5,985,820,955,1000,26,443,598,795,882,1000,956,0,786,697,872,-,149,38,800,5,869,795,945,1000,26,376,598,795,108,966,41,0,786,697,696
2025-10-05,141.0.7390.54,967,742,947,992,985,952,1000,1000,1000,696,1000,1000,993,1000,996,500,1000,1000,833,141.0.3537.57,967,1000,947,984,884,952,999,1000,1000,637,1000,1000,993,1000,988,500,1000,1000,833,143.0.4,149,809,1000,5,1000,999,986,1000,1000,1000,1000,1000,108,966,41,500,1000,995,702,26.0 (21622.1.22.11.14),793,38,793,5,985,820,955,1000,26,443,598,795,882,1000,956,0,786,697,872,-,149,38,793,5,869,795,945,1000,26,376,598,795,108,966,41,0,786,697,696
2025-10-07,141.0.7390.54,967,759,947,992,985,952,1000,1000,1000,696,1000,1000,993,1000,996,500,1000,1000,833,141.0.3537.57,967,1000,947,989,884,952,999,1000,1000,637,1000,1000,993,1000,988,500,1000,1000,833,143.0.4,149,809,1000,5,1000,999,986,1000,1000,1000,1000,1000,108,966,41,500,1000,995,702,26.0 (21622.1.22.11.14),793,38,793,5,985,820,955,1000,17,443,598,795,882,1000,956,0,786,697,872,-,149,38,793,5,869,795,945,1000,17,376,598,795,108,966,41,0,786,697,696
2025-10-08,141.0.7390.65,967,759,947,992,985,952,1000,1000,1000,696,1000,1000,993,1000,996,500,1000,1000,833,141.0.3537.57,967,1000,947,978,884,928,999,1000,1000,637,1000,1000,993,1000,988,500,1000,1000,833,143.0.4,149,818,1000,5,1000,999,986,1000,1000,1000,1000,1000,108,966,41,500,1000,995,702,26.0 (21622.1.22.11.14),793,38,793,5,985,820,955,1000,26,443,598,795,882,1000,956,0,786,697,872,-,149,38,793,5,869,771,945,1000,26,376,598,795,108,966,41,0,786,697,696
2025-10-09,141.0.7390.65,967,759,947,984,985,952,1000,1000,1000,696,1000,1000,991,1000,996,500,1000,1000,833,141.0.3537.57,967,1000,947,978,884,952,999,1000,1000,637,1000,1000,991,1000,984,500,1000,1000,833,143.0.4,149,818,1000,5,1000,999,986,1000,1000,1000,1000,1000,108,966,41,500,1000,995,702,26.0 (21622.1.22.11.14),793,38,800,5,985,820,955,1000,26,443,598,795,883,1000,960,0,786,697,872,-,149,38,800,5,869,795,945,1000,26,376,598,795,108,966,41,0,786,697,696
2025-10-10,141.0.7390.76,967,751,947,984,985,952,1000,1000,1000,696,1000,1000,991,1000,996,500,1000,1000,816,141.0.3537.71,967,991,947,978,884,952,999,1000,1000,637,1000,1000,991,1000,980,500,1000,1000,833,143.0.4,149,818,1000,5,1000,999,986,1000,1000,1000,1000,1000,108,966,41,500,1000,995,702,26.0 (21622.1.22.11.14),793,38,793,5,985,820,955,1000,26,443,598,795,883,1000,960,0,786,697,872,-,149,38,793,5,869,795,945,1000,26,376,598,795,108,966,38,0,786,697,678
2025-10-11,141.0.7390.76,967,760,947,984,985,952,1000,1000,1000,696,1000,1000,991,1000,996,500,1000,1000,833,141.0.3537.71,967,1000,947,973,884,928,999,1000,1000,637,1000,1000,991,1000,988,500,1000,1000,833,143.0.4,149,793,1000,5,1000,999,986,1000,1000,1000,1000,1000,108,966,41,500,1000,995,702,26.0 (21622.1.22.11.14),793,38,793,5,985,820,955,1000,26,443,598,795,883,1000,960,0,786,697,872,-,149,38,793,5,869,771,945,1000,26,376,598,795,108,966,41,0,786,697,696
2025-10-12,141.0.7390.76,967,751,947,984,985,952,1000,1000,1000,696,1000,1000,991,1000,996,500,1000,1000,833,141.0.3537.71,967,982,947,968,884,952,999,1000,1000,637,1000,1000,991,1000,988,500,1000,1000,833,143.0.4,149,818,1000,5,1000,999,986,1000,1000,1000,1000,1000,108,966,41,500,1000,995,702,26.0 (21622.1.22.11.14),793,38,793,5,985,820,955,1000,26,443,598,795,883,1000,960,0,786,697,872,-,149,38,793,5,869,795,945,1000,26,376,598,795,108,966,41,0,786,697,696
2025-10-13,141.0.7390.76,967,760,947,984,985,952,1000,1000,1000,696,1000,1000,991,1000,996,500,1000,1000,833,141.0.3537.71,967,1000,947,976,884,952,999,1000,1000,637,1000,1000,991,1000,988,500,1000,1000,833,143.0.4,149,818,1000,5,1000,999,986,1000,1000,1000,1000,1000,108,966,41,500,1000,995,702,26.0 (21622.1.22.11.14),793,38,793,5,1000,820,955,1000,17,443,598,795,883,1000,961,0,786,697,872,-,149,38,793,5,884,795,945,1000,17,376,598,795,108,966,41,0,786,697,696
2025-10-14,141.0.7390.76,967,760,947,984,985,952,1000,1000,1000,696,1000,1000,991,1000,996,500,1000,1000,833,141.0.3537.71,967,1000,947,970,884,952,999,1000,1000,637,1000,1000,991,1000,988,500,1000,1000,833,143.0.4,149,818,1000,5,1000,999,986,1000,1000,1000,1000,1000,108,966,41,500,1000,995,702,26.0 (21622.1.22.11.14),793,38,793,5,1000,790,955,1000,26,420,598,795,883,1000,960,0,780,697,872,-,149,38,793,5,884,766,945,1000,26,353,598,795,108,966,41,0,780,697,696
2025-10-16,141.0.7390.78,967,751,947,984,985,952,1000,1000,1000,696,1000,1000,991,1000,996,500,1000,1000,816,141.0.3537.71,967,1000,947,973,884,952,999,1000,1000,637,1000,1000,991,1000,988,500,1000,1000,833,144.0,149,990,1000,5,1000,1000,987,1000,1000,996,1000,1000,108,966,877,500,1000,995,833,26.0 (21622.1.22.11.14),793,38,793,5,1000,820,955,1000,26,443,598,795,866,1000,958,0,786,697,872,-,149,38,793,5,884,796,945,1000,26,376,598,795,108,966,839,0,786,697,769
2025-10-19,141.0.7390.78,967,760,947,984,985,952,1000,1000,1000,696,1000,1000,991,1000,996,500,1000,1000,833,141.0.3537.85,967,1000,947,973,884,952,999,1000,1000,637,1000,1000,991,1000,988,500,1000,1000,833,144.0,149,990,1000,5,1000,1000,987,1000,1000,1000,1000,1000,108,966,877,500,1000,995,833,26.0 (21622.1.22.11.14),793,38,793,5,1000,820,955,1000,17,443,598,795,883,1000,961,0,786,697,872,-,149,38,793,5,884,796,945,1000,17,376,598,795,108,966,839,0,786,697,787
2025-10-20,141.0.7390.78,967,760,947,984,985,952,1000,1000,1000,696,1000,1000,991,1000,996,500,1000,1000,833,141.0.3537.85,967,1000,947,973,884,952,999,1000,1000,637,1000,1000,991,1000,988,500,1000,1000,833,144.0,149,982,1000,5,1000,1000,987,1000,1000,1000,1000,1000,108,966,877,500,1000,995,833,26.0 (21622.1.22.11.14),793,38,793,5,1000,820,955,1000,17,443,598,795,883,1000,960,0,786,697,872,-,149,38,793,5,884,796,945,1000,17,376,598,795,108,966,838,0,786,697,787
2025-10-21,141.0.7390.78,967,760,947,984,985,952,1000,1000,1000,696,1000,1000,991,1000,996,500,1000,1000,833,141.0.3537.92,967,1000,947,973,884,928,999,1000,1000,637,1000,1000,991,1000,988,500,1000,1000,833,144.0,149,999,1000,5,1000,1000,987,1000,1000,996,1000,1000,108,966,877,500,1000,995,833,26.0 (21622.1.22.11.14),793,38,800,5,1000,820,955,1000,17,443,598,795,883,1000,960,0,786,697,872,-,149,38,800,5,884,772,945,1000,17,376,598,795,108,966,838,0,786,697,787
2025-10-23,141.0.7390.122,967,751,947,984,985,952,1000,1000,1000,696,1000,1000,991,1000,996,500,1000,1000,833,141.0.3537.92,967,982,947,965,884,952,999,1000,1000,637,1000,1000,991,1000,988,500,1000,1000,833,144.0,149,990,1000,5,1000,1000,987,1000,1000,1000,1000,1000,108,966,877,500,1000,995,833,26.0 (21622.1.22.11.14),793,38,793,5,1000,820,955,1000,17,443,598,795,883,1000,960,0,786,697,872,-,149,29,793,5,884,796,945,1000,17,376,598,795,108,966,838,0,786,697,787
2025-10-26,141.0.7390.122,961,751,947,984,971,952,1000,1000,1000,674,1000,1000,991,1000,996,500,1000,1000,833,141.0.3537.99,961,982,947,978,869,952,999,1000,1000,615,1000,1000,991,1000,988,500,1000,1000,750,144.0,149,998,1000,5,985,1000,987,1000,1000,1000,1000,1000,108,966,877,500,1000,995,833,26.0 (21622.1.22.11.14),788,38,793,5,1000,820,955,1000,17,443,598,795,883,1000,960,0,786,697,872,-,149,38,793,5,869,796,945,1000,17,376,598,795,108,966,838,0,786,697,696
2025-10-28,141.0.7390.122,961,742,947,984,971,952,1000,1000,1000,696,1000,1000,991,1000,996,500,1000,1000,833,141.0.3537.99,961,991,947,981,869,928,999,1000,1000,637,1000,1000,991,833,988,500,1000,1000,833,144.0,149,981,1000,5,985,1000,987,1000,1000,1000,1000,1000,108,966,877,500,1000,995,833,26.0 (21622.1.22.11.14),788,38,793,5,1000,820,955,1000,17,443,598,795,882,1000,960,0,786,697,872,-,149,38,793,5,869,772,945,1000,17,376,598,795,108,807,838,0,786,697,787
2025-10-29,142.0.7444.59,961,742,1000,984,1000,988,1000,1000,1000,637,1000,1000,991,1000,1000,500,1000,1000,833,141.0.3537.99,961,991,947,973,869,928,999,1000,1000,637,1000,1000,991,1000,988,500,1000,1000,833,144.0.2,149,981,1000,2,985,1000,987,1000,1000,1000,1000,1000,108,966,877,500,1000,995,833,26.0 (21622.1.22.11.14),788,38,793,2,1000,820,955,1000,17,443,598,795,882,1000,960,0,786,697,872,-,149,38,793,2,869,772,945,1000,17,376,598,795,108,966,838,0,786,697,787
2025-11-01,142.0.7444.59,957,751,1000,984,1000,988,1000,1000,1000,863,1000,1000,991,1000,1000,500,1000,1000,833,142.0.3595.53,957,991,1000,965,884,988,999,1000,1000,863,1000,1000,991,1000,992,500,1000,1000,833,144.0.2,152,981,1000,2,985,1000,987,1000,1000,1000,1000,1000,108,966,877,500,1000,995,833,26.0 (21622.1.22.11.14),784,38,793,2,1000,820,955,1000,26,443,598,795,882,1000,960,0,786,697,872,-,150,38,793,2,869,820,945,1000,26,397,598,795,108,966,838,0,786,697,787
2025-11-02,142.0.7444.59,957,742,1000,984,1000,988,1000,1000,1000,863,1000,1000,991,1000,1000,500,1000,1000,833,142.0.3595.53,957,991,1000,976,884,988,999,1000,1000,863,1000,1000,991,1000,992,500,1000,1000,666,144.0.2,152,998,1000,2,985,1000,987,1000,1000,1000,1000,1000,108,966,877,500,1000,995,833,26.0 (21622.1.22.11.14),784,38,793,2,1000,820,955,1000,17,443,598,795,882,1000,961,0,786,697,872,-,150,38,793,2,869,820,945,1000,17,397,598,795,108,966,839,0,786,697,606
2025-11-03,142.0.7444.59,957,742,1000,984,1000,988,1000,1000,1000,863,1000,1000,991,1000,1000,500,1000,1000,833,142.0.3595.53,957,991,1000,970,884,988,999,1000,1000,863,1000,1000,991,1000,996,500,1000,1000,833,144.0.2,152,990,1000,2,985,1000,987,1000,1000,996,1000,1000,108,966,877,500,1000,995,833,26.0 (21622.1.22.11.14),784,38,793,2,1000,820,955,1000,26,443,598,795,882,1000,961,0,786,697,872,-,150,38,793,2,869,820,945,1000,26,397,598,795,108,966,843,0,786,697,787
2025-11-04,142.0.7444.59,957,742,1000,984,1000,988,1000,1000,1000,863,1000,1000,991,1000,1000,500,1000,1000,750,142.0.3595.53,957,991,1000,968,884,988,999,1000,1000,863,1000,1000,991,1000,996,500,1000,1000,833,144.0.2,152,981,1000,2,985,1000,987,1000,1000,1000,1000,1000,108,966,877,500,1000,996,833,26.0 (21622.1.22.11.14),784,38,793,2,1000,820,955,1000,17,443,598,795,882,1000,961,0,786,697,872,-,150,38,793,2,869,820,945,1000,17,397,598,795,108,966,843,0,786,697,696
2025-11-05,142.0.7444.59,957,751,1000,981,1000,988,1000,1000,1000,863,1000,1000,991,1000,1000,500,1000,1000,833,142.0.3595.53,957,991,1000,965,884,988,999,1000,1000,863,1000,1000,991,1000,992,500,1000,1000,833,144.0.2,152,981,1000,2,985,1000,987,1000,1000,1000,1000,1000,108,966,877,500,1000,996,833,26.1 (21622.2.11.11.9),897,38,793,2,1000,820,955,1000,17,443,598,795,882,1000,979,0,786,697,872,-,150,38,793,2,869,820,945,1000,17,397,598,795,108,966,849,0,786,697,787
2025-11-06,142.0.7444.61,957,734,1000,981,1000,988,1000,1000,1000,863,1000,1000,991,1000,1000,500,1000,1000,833,142.0.3595.53,957,991,1000,978,884,988,999,1000,1000,818,1000,1000,991,1000,996,500,1000,1000,833,144.0.2,152,981,1000,2,985,1000,987,1000,1000,1000,1000,1000,108,966,877,500,1000,996,833,26.1 (21622.2.11.11.9),897,38,793,2,1000,820,955,1000,26,443,598,795,882,1000,979,0,786,697,872,-,150,38,793,2,869,820,945,1000,26,363,598,795,108,966,853,0,786,697,787
2025-11-07,142.0.7444.61,957,734,1000,976,1000,988,1000,1000,1000,863,1000,1000,991,1000,1000,500,1000,1000,833,142.0.3595.65,957,991,1000,970,884,964,999,1000,1000,818,1000,1000,991,1000,992,500,1000,1000,833,144.0.2,152,990,1000,2,985,1000,987,1000,1000,1000,1000,1000,108,957,877,500,1000,996,833,26.1 (21622.2.11.11.9),897,38,800,2,1000,820,955,1000,17,443,598,795,882,1000,979,0,786,697,872,-,150,38,800,2,869,808,945,1000,17,386,598,795,108,957,849,0,786,697,787
2025-11-09,142.0.7444.61,957,742,1000,976,1000,988,1000,1000,1000,863,1000,1000,991,1000,1000,500,1000,1000,750,142.0.3595.69,957,991,1000,968,884,988,999,1000,1000,863,1000,1000,991,1000,992,500,1000,1000,833,144.0.2,152,990,1000,2,985,1000,987,1000,1000,996,1000,1000,108,957,877,500,1000,996,833,26.1 (21622.2.11.11.9),897,38,793,2,1000,820,955,1000,26,443,598,795,882,1000,979,0,786,697,872,-,150,38,793,2,869,820,945,1000,26,397,598,795,108,957,849,0,786,697,696
2025-11-19,142.0.7444.175,957,742,1000,976,1000,988,1000,1000,1000,863,1000,1000,991,1000,1000,500,1000,1000,816,142.0.3595.90,957,991,1000,976,884,964,999,1000,1000,863,1000,1000,991,1000,992,500,1000,1000,750,145.0.1,152,998,1000,2,985,1000,986,1000,1000,996,1000,1000,108,998,908,1000,1000,996,916,26.1 (21622.2.11.11.9),897,38,800,2,1000,820,955,1000,26,443,598,795,882,1000,979,0,786,697,872,-,150,38,800,2,869,796,944,1000,26,397,598,795,108,998,880,0,786,697,769
2025-11-20,142.0.7444.175,957,734,1000,976,1000,988,1000,1000,1000,863,1000,1000,991,1000,1000,500,1000,1000,833,142.0.3595.90,957,991,1000,963,884,988,999,1000,1000,863,1000,1000,991,1000,992,500,1000,1000,833,145.0.1,152,973,1000,2,985,1000,986,1000,1000,1000,1000,1000,108,998,908,1000,1000,996,916,26.1 (21622.2.11.11.9),896,38,800,2,1000,820,955,1000,17,443,598,795,882,1000,979,0,786,697,872,-,150,38,800,2,869,820,944,1000,17,397,598,795,108,998,880,0,786,697,878
2025-11-23,142.0.7444.175,957,734,1000,976,1000,988,1000,1000,1000,863,1000,1000,991,1000,1000,500,1000,1000,833,142.0.3595.94,957,991,1000,970,884,988,999,1000,1000,818,1000,1000,991,1000,992,500,1000,1000,833,145.0.1,152,998,1000,2,985,1000,986,1000,1000,1000,1000,1000,108,998,908,1000,1000,996,916,26.1 (21622.2.11.11.9),896,38,793,2,1000,820,955,1000,26,443,598,795,882,1000,979,0,786,697,872,-,150,38,793,2,869,820,944,1000,26,382,598,795,108,998,880,0,786,697,878
2025-11-24,142.0.7444.175,957,734,1000,976,1000,988,1000,1000,1000,863,1000,1000,991,1000,1000,500,1000,1000,833,142.0.3595.94,957,991,1000,965,884,988,999,1000,1000,863,1000,1000,991,1000,992,500,1000,1000,833,145.0.1,152,998,1000,2,985,1000,986,1000,1000,1000,1000,1000,108,998,908,1000,1000,996,916,26.1 (21622.2.11.11.9),896,38,800,2,1000,820,955,1000,26,443,598,795,882,1000,979,0,786,697,872,-,150,38,800,2,869,820,944,1000,26,397,598,795,108,998,880,0,786,697,878
2025-11-25,142.0.7444.175,957,751,1000,976,1000,988,1000,1000,1000,863,1000,1000,991,1000,1000,500,1000,1000,833,142.0.3595.94,957,991,1000,955,884,988,999,1000,1000,863,1000,1000,991,1000,992,500,1000,1000,833,145.0.1,152,990,1000,2,985,1000,986,1000,1000,1000,1000,1000,108,998,908,1000,1000,996,916,26.1 (21622.2.11.11.9),896,38,793,2,1000,820,955,1000,26,443,598,795,882,1000,979,0,786,697,872,-,150,38,793,2,869,820,944,1000,26,397,598,795,108,998,880,0,786,697,878
2025-12-04,143.0.7499.40,965,742,1000,976,1000,1000,1000,1000,1000,863,1000,1000,1000,1000,1000,500,1000,1000,833,142.0.3595.94,957,982,1000,968,884,988,999,1000,1000,863,1000,1000,991,1000,992,500,1000,1000,833,145.0.2,152,998,1000,2,985,1000,986,1000,1000,1000,1000,1000,108,998,908,1000,1000,996,916,26.1 (21622.2.11.11.9),898,38,793,2,1000,820,955,1000,26,443,598,795,882,1000,979,0,786,697,872,-,150,29,793,2,869,820,944,1000,26,397,598,795,108,998,880,0,786,697,878
2025-12-05,143.0.7499.40,965,742,1000,976,1000,1000,1000,1000,1000,863,1000,1000,1000,1000,1000,500,1000,1000,816,143.0.3650.66,965,991,1000,968,1000,1000,999,1000,1000,818,1000,1000,1000,1000,992,500,1000,1000,833,145.0.2,152,998,1000,2,985,1000,986,1000,1000,1000,1000,1000,108,998,908,1000,1000,996,916,26.1 (21622.2.11.11.9),898,38,793,2,1000,820,955,1000,26,443,598,795,882,1000,979,0,786,697,872,-,150,38,793,2,985,820,944,1000,26,386,598,795,108,998,880,0,786,697,860
2025-12-07,143.0.7499.40,965,734,1000,976,1000,1000,1000,1000,1000,863,1000,1000,1000,1000,1000,500,1000,1000,833,143.0.3650.66,965,991,1000,968,1000,1000,999,1000,1000,863,1000,1000,1000,1000,992,500,1000,1000,833,145.0.2,152,998,1000,2,985,1000,986,1000,1000,1000,1000,1000,108,998,904,1000,1000,996,916,26.1 (21622.2.11.11.9),898,38,793,2,1000,796,955,1000,17,443,598,795,882,1000,979,0,786,697,872,-,150,38,793,2,985,796,944,1000,17,397,598,795,108,998,876,0,786,697,878
2025-12-18,143.0.7499.146,965,742,1000,976,1000,1000,999,1000,1000,863,1000,1000,1000,1000,1000,500,1000,1000,833,143.0.3650.80,965,1000,1000,973,1000,1000,999,1000,1000,863,1000,1000,1000,1000,996,500,1000,1000,833,146.0,152,998,1000,2,985,1000,986,1000,1000,1000,1000,1000,1000,998,908,1000,1000,996,916,26.2 (21623.1.14.11.9),995,999,1000,994,1000,957,964,1000,1000,977,1000,1000,1000,1000,988,1000,1000,816,916,-,150,741,1000,2,985,957,953,1000,1000,840,1000,1000,1000,998,893,500,1000,813,909
2025-12-19,143.0.7499.169,965,751,1000,976,1000,1000,1000,1000,1000,863,1000,1000,1000,1000,1000,500,1000,1000,833,143.0.3650.96,965,1000,1000,968,1000,1000,999,1000,1000,863,1000,1000,1000,1000,992,500,1000,1000,833,146.0.1,152,998,1000,2,985,1000,986,1000,1000,1000,1000,1000,1000,998,908,1000,1000,996,916,26.2 (21623.1.14.11.9),995,999,993,994,1000,957,963,1000,1000,977,1000,1000,1000,1000,988,1000,1000,816,916,-,150,750,993,2,985,957,953,1000,1000,840,1000,1000,1000,998,889,500,1000,813,909
2025-12-20,143.0.7499.169,965,742,1000,976,1000,1000,1000,1000,1000,863,1000,1000,1000,1000,1000,500,1000,1000,833,143.0.3650.96,965,1000,1000,965,1000,1000,999,1000,1000,818,1000,1000,1000,1000,988,500,1000,1000,833,146.0.1,152,990,1000,2,985,1000,986,1000,1000,1000,1000,1000,1000,996,908,1000,1000,996,916,26.2 (21623.1.14.11.9),995,999,993,994,1000,957,964,1000,1000,977,1000,1000,1000,1000,988,1000,1000,816,916,-,150,733,993,2,985,957,953,1000,1000,795,1000,1000,1000,996,885,500,1000,813,909
2025-12-21,143.0.7499.169,965,751,1000,976,1000,1000,1000,1000,1000,863,1000,1000,1000,1000,1000,500,1000,1000,833,143.0.3650.96,965,1000,1000,970,1000,976,999,1000,1000,863,1000,1000,1000,1000,992,500,1000,1000,833,146.0.1,152,990,1000,2,985,1000,986,1000,1000,996,1000,1000,1000,996,908,1000,1000,996,916,26.2 (21623.1.14.11.9),995,999,1000,994,1000,957,964,1000,991,977,1000,1000,1000,1000,988,1000,1000,816,916,-,150,741,1000,2,985,933,953,1000,991,837,1000,1000,1000,996,889,500,1000,813,909
2025-12-22,143.0.7499.169,965,751,1000,976,1000,1000,1000,1000,1000,863,1000,1000,1000,1000,1000,500,1000,1000,750,143.0.3650.96,965,1000,1000,970,1000,1000,999,1000,1000,863,1000,1000,1000,1000,992,500,1000,1000,833,146.0.1,152,998,1000,2,985,1000,986,1000,1000,1000,1000,1000,1000,996,908,1000,1000,996,916,26.2 (21623.1.14.11.9),995,999,1000,994,1000,957,964,1000,1000,977,1000,1000,1000,1000,988,1000,1000,816,916,-,150,750,1000,2,985,957,953,1000,1000,840,1000,1000,1000,996,889,500,1000,813,818
2025-12-23,143.0.7499.169,965,751,1000,976,1000,1000,1000,1000,1000,863,1000,1000,1000,1000,1000,500,1000,1000,833,143.0.3650.96,965,991,1000,968,1000,976,999,1000,1000,863,1000,1000,1000,1000,992,500,1000,1000,833,146.0.1,152,998,1000,2,985,1000,986,1000,1000,1000,1000,1000,1000,996,908,1000,1000,996,916,26.2 (21623.1.14.11.9),995,999,993,994,1000,957,964,1000,991,977,1000,1000,1000,1000,988,1000,1000,816,916,-,150,750,993,2,985,933,953,1000,991,840,1000,1000,1000,996,889,500,1000,813,909
2025-12-24,143.0.7499.169,965,751,1000,976,1000,1000,1000,1000,1000,863,1000,1000,1000,1000,1000,500,1000,1000,833,143.0.3650.96,965,1000,1000,970,1000,1000,999,1000,1000,863,1000,1000,1000,1000,992,500,1000,1000,833,146.0.1,152,998,1000,2,985,1000,986,1000,1000,1000,1000,1000,1000,996,908,1000,1000,996,916,26.2 (21623.1.14.11.9),995,999,993,994,1000,957,964,1000,1000,977,1000,1000,1000,1000,988,1000,1000,816,916,-,150,750,993,2,985,957,953,1000,1000,840,1000,1000,1000,996,889,500,1000,813,909
2025-12-25,143.0.7499.169,965,751,1000,976,1000,1000,1000,1000,1000,863,1000,1000,1000,1000,1000,500,1000,1000,833,143.0.3650.96,965,1000,1000,973,1000,1000,999,1000,1000,863,1000,1000,1000,1000,992,416,1000,1000,833,146.0.1,152,998,1000,2,985,1000,986,1000,1000,1000,1000,1000,1000,996,908,1000,1000,996,916,26.2 (21623.1.14.11.9),995,999,1000,994,1000,957,964,1000,991,977,1000,1000,1000,1000,988,1000,1000,816,916,-,150,750,1000,2,985,957,953,1000,991,840,1000,1000,1000,996,889,416,1000,813,909
2025-12-27,143.0.7499.169,965,751,1000,976,1000,1000,1000,1000,1000,863,1000,1000,1000,1000,1000,500,1000,1000,833,143.0.3650.96,965,1000,1000,963,1000,976,999,1000,1000,863,1000,1000,1000,1000,992,500,1000,1000,750,146.0.1,152,998,1000,2,985,1000,986,1000,1000,1000,1000,1000,1000,996,908,1000,1000,996,916,26.2 (21623.1.14.11.9),995,999,1000,994,1000,957,964,1000,1000,977,1000,1000,1000,1000,988,1000,1000,816,916,-,150,750,1000,2,985,933,953,1000,1000,840,1000,1000,1000,996,889,500,1000,813,818
2025-12-28,143.0.7499.169,965,734,1000,976,1000,1000,1000,1000,1000,863,1000,1000,1000,1000,1000,500,1000,1000,833,143.0.3650.96,965,1000,1000,960,1000,1000,999,1000,1000,863,1000,1000,1000,1000,992,500,1000,1000,833,146.0.1,152,998,1000,2,985,1000,986,1000,1000,1000,1000,1000,1000,996,908,1000,1000,996,916,26.2 (21623.1.14.11.9),995,999,1000,994,1000,957,964,1000,1000,977,1000,1000,1000,1000,988,1000,1000,816,916,-,150,733,1000,2,985,957,953,1000,1000,840,1000,1000,1000,996,889,500,1000,813,909
2025-12-29,143.0.7499.169,965,751,1000,976,1000,1000,1000,1000,1000,863,1000,1000,1000,1000,1000,500,1000,1000,833,143.0.3650.96,965,1000,1000,963,1000,1000,999,1000,1000,863,1000,1000,1000,1000,992,500,1000,1000,833,146.0.1,152,998,1000,2,985,1000,986,1000,1000,1000,1000,1000,1000,996,908,1000,1000,996,916,26.2 (21623.1.14.11.9),995,999,1000,994,1000,957,964,1000,991,977,1000,1000,1000,1000,988,1000,1000,816,916,-,150,750,1000,2,985,957,953,1000,991,840,1000,1000,1000,996,889,500,1000,813,909
2025-12-30,143.0.7499.169,965,751,1000,976,1000,1000,1000,1000,1000,863,1000,1000,1000,1000,1000,500,1000,1000,833,143.0.3650.96,965,1000,1000,973,1000,1000,999,1000,1000,863,1000,1000,1000,1000,996,500,1000,1000,833,146.0.1,152,998,1000,2,985,1000,986,1000,1000,996,1000,1000,1000,996,908,1000,1000,996,916,26.2 (21623.1.14.11.9),995,999,1000,994,1000,957,964,1000,1000,977,1000,1000,1000,1000,988,1000,1000,816,916,-,150,750,1000,2,985,957,953,1000,1000,837,1000,1000,1000,996,893,500,1000,813,909
2025-12-31,143.0.7499.169,965,751,1000,976,1000,1000,1000,1000,1000,863,1000,1000,1000,1000,996,500,1000,1000,833,143.0.3650.96,965,1000,1000,970,1000,1000,999,1000,1000,863,1000,1000,1000,1000,992,500,1000,1000,666,146.0.1,152,990,1000,2,985,1000,986,1000,1000,1000,1000,1000,1000,996,908,1000,1000,996,916,26.2 (21623.1.14.11.9),995,999,1000,994,1000,957,964,1000,1000,977,1000,1000,1000,1000,988,1000,1000,816,916,-,150,741,1000,2,985,957,953,1000,1000,840,1000,1000,1000,996,885,500,1000,813,727
2026-01-01,143.0.7499.169,965,751,1000,976,1000,1000,1000,1000,1000,863,1000,1000,1000,1000,1000,500,1000,1000,833,143.0.3650.96,965,1000,1000,970,1000,952,999,1000,1000,863,1000,1000,1000,1000,992,500,1000,1000,833,146.0.1,152,990,1000,2,985,1000,986,1000,1000,1000,1000,1000,1000,996,908,1000,1000,996,916,26.2 (21623.1.14.11.9),995,999,993,994,1000,957,964,1000,1000,977,1000,1000,1000,1000,988,1000,1000,816,916,-,150,741,993,2,985,909,953,1000,1000,840,1000,1000,1000,996,889,500,1000,813,909
2026-01-02,143.0.7499.169,965,742,1000,976,1000,1000,1000,1000,1000,863,1000,1000,1000,1000,1000,500,1000,1000,833,143.0.3650.96,965,1000,1000,960,1000,1000,999,1000,1000,863,1000,1000,1000,1000,988,500,1000,1000,833,146.0.1,152,998,1000,2,985,1000,986,1000,1000,996,1000,1000,1000,996,908,1000,1000,996,916,26.2 (21623.1.14.11.9),995,999,1000,994,1000,957,964,1000,1000,977,1000,1000,1000,1000,988,1000,1000,816,916,-,150,741,1000,2,985,957,953,1000,1000,837,1000,1000,1000,996,885,500,1000,813,909
2026-01-04,143.0.7499.169,965,742,1000,976,1000,1000,1000,1000,1000,863,1000,1000,1000,1000,1000,500,1000,1000,833,143.0.3650.96,965,1000,1000,965,1000,1000,999,1000,1000,863,1000,1000,1000,1000,992,500,1000,1000,833,146.0.1,152,998,1000,2,985,1000,986,1000,1000,1000,1000,1000,1000,996,908,1000,1000,996,916,26.2 (21623.1.14.11.9),995,999,1000,994,1000,957,964,1000,991,977,1000,1000,1000,1000,988,1000,1000,816,916,-,150,741,1000,2,985,957,953,1000,991,840,1000,1000,1000,996,889,500,1000,813,909
2026-01-05,143.0.7499.169,965,751,1000,976,1000,1000,1000,1000,1000,863,1000,1000,1000,1000,1000,500,1000,1000,833,143.0.3650.96,965,1000,1000,973,1000,1000,999,1000,1000,863,1000,1000,1000,1000,992,500,1000,1000,833,146.0.1,152,998,1000,2,985,1000,986,1000,1000,1000,1000,1000,1000,996,908,1000,1000,996,916,26.2 (21623.1.14.11.9),995,999,1000,994,1000,957,964,1000,1000,977,1000,1000,1000,1000,988,1000,1000,816,916,-,150,750,1000,2,985,957,953,1000,1000,840,1000,1000,1000,996,889,500,1000,813,909
2026-01-06,143.0.7499.169,965,742,1000,976,1000,1000,1000,1000,1000,863,1000,1000,1000,1000,1000,500,1000,1000,750,143.0.3650.96,965,1000,1000,973,1000,1000,999,1000,1000,863,1000,1000,1000,1000,988,500,1000,1000,833,146.0.1,152,990,1000,2,985,1000,986,1000,1000,1000,1000,1000,1000,996,908,1000,1000,996,916,26.2 (21623.1.14.11.9),995,999,1000,994,1000,957,964,1000,1000,977,1000,1000,1000,1000,988,1000,1000,816,916,-,150,733,1000,2,985,957,953,1000,1000,840,1000,1000,1000,996,885,500,1000,813,818
2026-01-07,143.0.7499.192,965,742,1000,976,1000,1000,1000,1000,1000,863,1000,1000,1000,1000,1000,500,1000,1000,833,143.0.3650.96,965,1000,1000,970,1000,1000,999,1000,1000,863,1000,1000,1000,1000,996,500,1000,1000,833,146.0.1,152,998,1000,2,985,1000,986,1000,1000,1000,1000,1000,1000,996,908,1000,1000,996,916,26.2 (21623.1.14.11.9),995,999,993,994,1000,957,964,1000,991,977,1000,1000,1000,1000,988,1000,1000,816,916,-,150,741,993,2,985,957,953,1000,991,840,1000,1000,1000,996,893,500,1000,813,909
2026-01-09,143.0.7499.192,965,742,1000,976,1000,1000,1000,1000,1000,863,1000,1000,1000,1000,1000,500,1000,1000,916,143.0.3650.139,965,991,1000,970,1000,1000,999,1000,964,818,1000,1000,1000,1000,992,500,1000,1000,916,146.0.1,152,990,1000,2,985,1000,986,1000,1000,1000,1000,1000,1000,996,908,1000,1000,996,1000,26.2 (21623.1.14.11.9),995,999,1000,994,1000,957,964,1000,1000,977,1000,1000,1000,1000,988,1000,1000,816,1000,-,150,724,1000,2,985,957,953,1000,964,795,1000,1000,1000,996,889,500,1000,813,916
2026-01-10,143.0.7499.192,965,751,1000,976,1000,1000,1000,1000,1000,863,1000,1000,1000,1000,1000,500,1000,1000,916,143.0.3650.139,965,1000,1000,973,1000,976,999,1000,1000,863,1000,1000,1000,1000,992,500,1000,1000,916,146.0.1,152,998,1000,2,985,1000,986,1000,1000,1000,1000,1000,1000,996,908,1000,1000,996,1000,26.2 (21623.1.14.11.9),995,999,1000,994,1000,957,964,1000,1000,977,1000,1000,1000,1000,988,1000,1000,816,1000,-,150,750,1000,2,985,933,953,1000,1000,840,1000,1000,1000,996,889,500,1000,813,916
2026-01-11,143.0.7499.192,965,751,1000,976,1000,1000,1000,1000,1000,863,1000,1000,1000,1000,1000,500,1000,1000,916,143.0.3650.139,965,1000,1000,973,1000,1000,999,1000,1000,863,1000,1000,1000,1000,992,500,1000,1000,916,146.0.1,152,990,1000,2,985,1000,986,1000,1000,1000,1000,1000,1000,996,908,1000,1000,996,1000,26.2 (21623.1.14.11.9),995,999,993,994,1000,957,964,1000,991,977,1000,1000,1000,1000,988,1000,1000,816,1000,-,150,741,993,2,985,957,953,1000,991,840,1000,1000,1000,996,889,500,1000,813,916
2026-01-12,143.0.7499.192,965,751,1000,976,1000,1000,1000,1000,1000,863,1000,1000,1000,1000,1000,500,1000,1000,900,143.0.3650.139,965,1000,1000,970,1000,976,999,1000,1000,863,1000,1000,1000,1000,992,500,1000,1000,916,146.0.1,152,990,1000,2,985,1000,986,1000,1000,996,1000,1000,1000,996,908,1000,1000,996,1000,26.2 (21623.1.14.11.9),995,999,1000,994,1000,957,964,1000,991,977,1000,1000,1000,1000,988,1000,1000,816,1000,-,150,741,1000,2,985,933,953,1000,991,837,1000,1000,1000,996,889,500,1000,813,900
2026-01-16,143.0.7499.192,965,751,1000,976,1000,1000,1000,1000,1000,863,1000,1000,1000,1000,1000,500,1000,1000,916,143.0.3650.139,965,1000,1000,968,1000,1000,999,1000,1000,863,1000,1000,1000,1000,992,500,1000,1000,916,147.0,825,981,1000,923,1000,990,987,1000,1000,1000,1000,1000,1000,996,908,1000,1000,996,1000,26.2 (21623.1.14.11.9),995,999,1000,994,1000,957,963,1000,991,977,1000,1000,1000,1000,988,1000,1000,816,1000,-,816,733,1000,886,1000,947,954,1000,991,840,1000,1000,1000,996,889,500,1000,813,916
2026-01-17,143.0.7499.192,965,751,1000,976,1000,1000,1000,1000,1000,863,1000,1000,1000,1000,1000,500,1000,1000,916,144.0.3719.82,995,1000,1000,986,1000,1000,999,1000,1000,863,1000,1000,1000,1000,992,1000,1000,1000,916,147.0.1,825,990,1000,925,1000,1000,987,1000,1000,1000,1000,1000,1000,996,908,1000,1000,996,1000,26.2 (21623.1.14.11.9),995,999,993,994,1000,957,964,1000,1000,977,1000,1000,1000,1000,988,1000,1000,816,1000,-,816,741,993,886,1000,957,954,1000,1000,840,1000,1000,1000,996,889,500,1000,813,916
2026-01-18,143.0.7499.192,965,751,1000,976,1000,1000,1000,1000,1000,863,1000,1000,1000,1000,1000,500,1000,1000,916,144.0.3719.82,995,1000,1000,984,1000,1000,999,1000,1000,863,1000,1000,1000,1000,992,1000,1000,1000,916,147.0.1,825,990,1000,925,1000,1000,987,1000,1000,1000,1000,1000,1000,996,908,1000,1000,996,1000,26.2 (21623.1.14.11.9),995,999,1000,994,1000,957,964,1000,1000,977,1000,1000,1000,1000,988,1000,1000,816,1000,-,816,741,1000,886,1000,957,954,1000,1000,840,1000,1000,1000,996,889,500,1000,813,916
2026-01-19,143.0.7499.192,965,751,1000,976,1000,1000,1000,1000,1000,863,1000,1000,1000,1000,1000,500,1000,1000,916,144.0.3719.82,995,1000,1000,992,1000,976,999,1000,1000,863,1000,1000,1000,1000,996,1000,1000,1000,916,147.0.1,825,998,1000,925,1000,1000,987,1000,1000,1000,1000,1000,1000,996,908,1000,1000,996,1000,26.2 (21623.1.14.11.9),995,999,1000,994,1000,957,964,1000,1000,977,1000,1000,1000,1000,988,1000,1000,816,1000,-,816,750,1000,891,1000,933,954,1000,1000,840,1000,1000,1000,996,893,500,1000,813,916
2026-01-21,144.0.7559.96,995,777,1000,992,1000,1000,1000,1000,1000,954,1000,1000,1000,1000,1000,1000,1000,1000,916,144.0.3719.82,995,794,966,970,1000,1000,999,1000,1000,863,1000,1000,1000,1000,996,1000,1000,1000,916,147.0.1,825,998,1000,923,1000,1000,987,1000,1000,996,1000,1000,1000,996,908,1000,1000,996,1000,26.2 (21623.1.14.11.9),995,991,1000,994,1000,957,964,1000,1000,977,1000,1000,1000,1000,988,1000,1000,816,1000,-,825,768,966,886,1000,957,953,1000,1000,837,1000,1000,1000,996,893,1000,1000,813,916
2026-01-22,144.0.7559.96,995,777,1000,992,1000,1000,1000,1000,1000,954,1000,1000,1000,1000,1000,1000,1000,1000,900,144.0.3719.82,995,794,1000,992,1000,976,999,1000,1000,863,1000,1000,1000,1000,992,1000,1000,1000,916,147.0.1,825,998,1000,925,1000,1000,987,1000,1000,996,1000,1000,1000,996,908,1000,1000,996,1000,26.2 (21623.1.14.11.9),995,999,993,994,1000,957,964,1000,1000,977,1000,1000,1000,1000,988,1000,1000,816,1000,-,825,776,993,907,1000,939,953,1000,1000,837,1000,1000,1000,996,889,1000,1000,813,900
2026-01-23,144.0.7559.96,995,777,1000,992,1000,1000,1000,1000,1000,954,1000,1000,1000,1000,1000,1000,1000,1000,916,144.0.3719.82,995,794,1000,992,1000,1000,999,1000,1000,863,1000,1000,1000,1000,992,1000,1000,1000,792,147.0.1,825,998,1000,925,1000,1000,987,1000,1000,996,1000,1000,1000,996,908,1000,1000,996,1000,26.2 (21623.1.14.11.9),995,999,1000,994,1000,957,964,1000,1000,977,1000,1000,1000,1000,988,1000,1000,816,1000,-,825,776,1000,907,1000,957,954,1000,1000,837,1000,1000,1000,996,889,1000,1000,813,792
2026-01-25,144.0.7559.96,995,777,1000,992,1000,1000,1000,1000,1000,954,1000,1000,1000,1000,1000,1000,1000,1000,916,144.0.3719.92,995,794,1000,989,1000,1000,999,1000,1000,863,1000,1000,1000,1000,992,1000,1000,1000,916,147.0.1,825,981,1000,925,1000,1000,987,1000,1000,1000,1000,1000,1000,996,916,1000,1000,996,1000,26.2 (21623.1.14.11.9),995,999,993,994,1000,933,964,1000,1000,977,1000,1000,1000,1000,988,1000,1000,816,1000,-,825,759,993,904,1000,933,954,1000,1000,840,1000,1000,1000,996,896,1000,1000,813,916
2026-01-26,144.0.7559.96,995,777,1000,992,1000,1000,1000,1000,1000,954,1000,1000,1000,1000,1000,1000,1000,1000,916,144.0.3719.92,995,794,1000,989,1000,1000,999,1000,1000,863,1000,1000,1000,1000,996,1000,1000,1000,916,147.0.1,825,998,1000,925,1000,1000,987,1000,1000,996,1000,1000,1000,996,916,1000,1000,996,1000,26.2 (21623.1.14.11.9),995,999,1000,994,1000,957,964,1000,991,977,1000,1000,1000,1000,988,1000,1000,816,1000,-,825,776,1000,904,1000,957,954,1000,991,837,1000,1000,1000,996,900,1000,1000,813,916
2026-01-27,144.0.7559.96,995,768,1000,992,1000,1000,1000,1000,1000,954,1000,1000,1000,1000,1000,1000,1000,1000,916,144.0.3719.92,995,794,1000,989,1000,1000,999,1000,1000,863,1000,1000,1000,1000,992,1000,1000,1000,916,147.0.1,825,998,1000,925,1000,1000,987,1000,1000,1000,1000,1000,1000,996,923,1000,1000,996,1000,26.2 (21623.1.14.11.9),995,999,1000,994,1000,957,964,1000,1000,977,1000,1000,1000,1000,988,1000,1000,816,1000,-,825,768,1000,904,1000,957,954,1000,1000,840,1000,1000,1000,996,904,1000,1000,813,916
2026-01-28,144.0.7559.109,995,768,1000,992,1000,1000,1000,1000,1000,954,1000,1000,1000,1000,1000,1000,1000,1000,900,144.0.3719.92,995,794,1000,989,1000,1000,999,1000,1000,863,1000,1000,1000,916,992,1000,1000,1000,869,147.0.2,825,998,1000,923,1000,1000,987,1000,1000,1000,1000,1000,1000,996,927,1000,1000,996,1000,26.2 (21623.1.14.11.9),995,999,1000,994,1000,957,964,1000,1000,977,1000,1000,1000,1000,988,1000,1000,816,1000,-,825,768,1000,901,1000,957,954,1000,1000,840,1000,1000,1000,913,908,1000,1000,813,852
2026-02-01,145.0.7632.26,995,982,1000,992,1000,1000,1000,1000,1000,954,1000,1000,1000,1000,1000,1000,1000,1000,916,144.0.3719.104,995,794,1000,994,1000,1000,999,1000,1000,863,1000,1000,1000,1000,992,1000,1000,1000,864,147.0.2,826,998,1000,925,1000,1000,987,1000,1000,1000,1000,1000,1000,996,927,1000,1000,996,1000,26.2 (21623.1.14.11.9),995,999,1000,994,1000,957,964,1000,1000,977,1000,1000,1000,1000,988,1000,1000,816,1000,-,825,776,1000,907,1000,957,954,1000,1000,840,1000,1000,1000,996,908,1000,1000,813,864
2026-02-02,145.0.7632.26,995,982,1000,992,1000,1000,1000,1000,1000,954,1000,1000,1000,1000,1000,1000,1000,1000,916,144.0.3719.104,995,786,1000,992,1000,1000,999,1000,1000,863,1000,1000,1000,1000,992,1000,1000,1000,916,147.0.2,826,998,1000,925,1000,1000,987,1000,1000,996,1000,1000,1000,996,927,1000,1000,996,1000,26.2 (21623.1.14.11.9),995,999,1000,992,1000,957,964,1000,991,977,1000,1000,1000,1000,988,1000,1000,816,1000,-,825,768,1000,904,1000,957,954,1000,991,837,1000,1000,1000,996,908,1000,1000,813,916
2026-02-03,145.0.7632.26,995,974,1000,992,1000,1000,1000,1000,1000,954,1000,1000,1000,1000,1000,1000,1000,1000,916,144.0.3719.104,995,794,1000,978,1000,976,999,1000,1000,863,1000,1000,1000,1000,992,1000,1000,1000,871,147.0.2,826,998,1000,925,1000,1000,987,1000,1000,1000,1000,1000,1000,996,927,1000,1000,996,1000,26.2 (21623.1.14.11.9),995,999,993,994,1000,957,964,1000,1000,977,1000,1000,1000,1000,988,1000,1000,816,1000,-,825,768,993,894,1000,933,954,1000,1000,840,1000,1000,1000,996,908,1000,1000,813,871
2026-02-04,144.0.7559.133,995,777,1000,992,1000,1000,1000,1000,1000,954,1000,1000,1000,1000,1000,1000,1000,1000,916,144.0.3719.104,995,794,1000,989,1000,1000,999,1000,1000,863,1000,1000,1000,1000,992,1000,1000,1000,916,147.0.2,826,998,1000,923,1000,1000,987,1000,1000,1000,1000,1000,1000,996,927,1000,1000,996,1000,26.2 (21623.1.14.11.9),995,999,993,994,1000,957,964,1000,1000,977,1000,1000,1000,1000,988,1000,1000,816,1000,-,825,776,993,901,1000,957,954,1000,1000,840,1000,1000,1000,996,908,1000,1000,813,916
2026-02-05,145.0.7632.46,995,982,1000,992,1000,1000,1000,1000,1000,954,1000,1000,1000,1000,1000,1000,1000,1000,916,144.0.3719.104,995,794,1000,989,1000,1000,999,1000,1000,863,1000,1000,1000,1000,996,1000,1000,1000,916,147.0.3,920,998,1000,936,1000,1000,988,1000,1000,1000,1000,1000,1000,998,927,1000,1000,996,1000,26.2 (21623.1.14.11.9),995,999,1000,994,1000,957,964,1000,1000,977,1000,1000,1000,1000,988,1000,1000,816,1000,-,919,776,1000,915,1000,957,955,1000,1000,840,1000,1000,1000,998,912,1000,1000,813,916
2026-02-06,145.0.7632.46,995,982,1000,992,1000,1000,1000,1000,1000,954,1000,1000,1000,1000,1000,1000,1000,1000,916,144.0.3719.115,995,794,1000,992,1000,1000,999,1000,1000,863,1000,1000,1000,1000,992,1000,1000,1000,916,147.0.3,920,998,1000,933,1000,1000,988,1000,1000,996,1000,1000,1000,998,927,1000,1000,996,1000,26.2 (21623.1.14.11.9),995,999,993,994,1000,957,964,1000,1000,977,1000,1000,1000,1000,988,1000,1000,816,1000,-,919,776,993,915,1000,957,955,1000,1000,837,1000,1000,1000,998,908,1000,1000,813,916
2026-02-07,145.0.7632.46,995,982,1000,992,1000,1000,1000,1000,1000,954,1000,1000,1000,1000,1000,1000,1000,1000,916,144.0.3719.115,995,794,1000,992,1000,1000,999,1000,1000,863,1000,1000,1000,1000,992,1000,1000,1000,916,147.0.3,920,998,1000,933,1000,1000,988,1000,1000,1000,1000,1000,994,998,927,1000,1000,996,1000,26.2 (21623.1.14.11.9),995,999,993,994,1000,957,964,1000,1000,977,1000,1000,1000,1000,988,1000,1000,816,1000,-,919,776,993,915,1000,957,955,1000,1000,840,1000,1000,994,998,908,1000,1000,813,916
2026-02-08,145.0.7632.46,995,982,1000,992,1000,1000,1000,1000,1000,954,1000,1000,1000,1000,1000,1000,1000,1000,916,144.0.3719.115,995,786,1000,992,1000,1000,999,1000,1000,863,1000,1000,1000,1000,996,1000,1000,1000,916,147.0.3,920,998,1000,936,1000,1000,988,1000,1000,996,1000,1000,994,998,927,1000,1000,996,1000,26.2 (21623.1.14.11.9),987,999,1000,994,1000,957,940,1000,991,977,1000,1000,1000,1000,988,1000,1000,816,1000,-,915,768,1000,917,1000,957,931,1000,991,837,1000,1000,994,998,912,1000,1000,813,916
2026-02-09,145.0.7632.46,995,982,1000,992,1000,1000,1000,1000,1000,954,1000,1000,1000,1000,1000,1000,1000,1000,916,144.0.3719.115,995,794,1000,992,1000,976,999,1000,1000,863,1000,1000,1000,1000,996,1000,1000,1000,916,147.0.3,920,998,1000,936,1000,1000,988,1000,1000,1000,1000,1000,994,998,927,1000,1000,996,1000,26.2 (21623.1.14.11.9),995,999,993,994,1000,957,964,1000,1000,977,1000,1000,1000,1000,988,1000,1000,816,1000,-,919,776,993,917,1000,933,955,1000,1000,840,1000,1000,994,998,912,1000,1000,813,916
2026-02-10,145.0.7632.46,995,982,1000,992,1000,1000,1000,1000,1000,954,1000,1000,1000,1000,1000,1000,1000,1000,916,144.0.3719.115,995,794,1000,986,1000,1000,999,1000,1000,863,1000,1000,1000,1000,992,1000,1000,1000,916,147.0.3,920,998,1000,936,1000,1000,988,1000,1000,1000,1000,1000,994,998,927,1000,1000,996,1000,26.2 (21623.1.14.11.9),995,999,1000,994,1000,957,964,1000,991,977,1000,1000,1000,1000,988,1000,1000,816,1000,-,919,776,1000,912,1000,957,955,1000,991,840,1000,1000,994,998,908,1000,1000,813,916
2026-02-12,145.0.7632.46,995,982,1000,992,1000,1000,1000,1000,1000,954,1000,1000,1000,1000,1000,1000,1000,1000,916,144.0.3719.115,995,794,1000,992,1000,976,999,1000,1000,863,1000,1000,1000,1000,992,1000,1000,1000,916,147.0.3,920,998,1000,936,1000,1000,988,1000,1000,996,1000,1000,994,998,927,1000,1000,996,1000,26.2 (21623.1.14.11.9),995,999,1000,994,1000,957,964,1000,1000,977,1000,1000,1000,1000,988,1000,1000,816,1000,-,919,776,1000,917,1000,933,955,1000,1000,837,1000,1000,994,998,908,1000,1000,813,916
