date,chrome-version,chrome-interop-2021-aspect-ratio,chrome-interop-2021-flexbox,chrome-interop-2021-grid,chrome-interop-2021-position-sticky,chrome-interop-2021-transforms,firefox-version,firefox-interop-2021-aspect-ratio,firefox-interop-2021-flexbox,firefox-interop-2021-grid,firefox-interop-2021-position-sticky,firefox-interop-2021-transforms,safari-version,safari-interop-2021-aspect-ratio,safari-interop-2021-flexbox,safari-interop-2021-grid,safari-interop-2021-position-sticky,safari-interop-2021-transforms,interop-version,interop-interop-2021-aspect-ratio,interop-interop-2021-flexbox,interop-interop-2021-grid,interop-interop-2021-position-sticky,interop-interop-2021-transforms
2021-01-02,89.0.4356.6 dev,886,868,916,880,734,86.0a1,911,883,874,837,720,117 preview,253,818,889,753,634,-,258,902,879,567,590
2021-01-04,89.0.4356.6 dev,886,868,916,880,734,86.0a1,911,883,874,837,720,117 preview,253,818,889,753,634,-,258,902,879,567,590
2021-01-05,89.0.4356.6 dev,886,868,916,880,734,86.0a1,911,883,874,861,720,117 preview,253,818,889,753,634,-,258,902,879,567,590
2021-01-06,89.0.4356.6 dev,886,868,916,880,734,86.0a1,911,883,874,861,720,117 preview,253,818,889,753,636,-,258,902,879,567,592
2021-01-07,89.0.4356.6 dev,886,868,916,880,734,86.0a1,924,883,874,861,720,118 preview,253,826,890,753,634,-,255,911,879,567,590
2021-01-08,89.0.4356.6 dev,886,868,910,880,735,86.0a1,924,885,867,861,720,118 preview,253,827,883,753,636,-,255,909,870,567,592
2021-01-09,89.0.4381.6 dev,892,868,910,880,735,86.0a1,924,885,867,861,720,118 preview,253,827,883,753,634,-,255,909,870,567,590
2021-01-10,89.0.4381.6 dev,892,868,910,880,735,86.0a1,924,885,867,861,720,118 preview,253,827,883,753,634,-,255,909,870,567,590
2021-01-11,89.0.4381.6 dev,892,868,910,880,735,86.0a1,924,885,867,861,720,118 preview,253,827,884,753,634,-,255,909,870,567,590
2021-01-12,89.0.4381.6 dev,892,868,910,880,735,86.0a1,930,885,867,861,720,118 preview,259,827,884,753,636,-,253,909,870,567,592
2021-01-13,89.0.4385.0 dev,892,870,913,880,735,86.0a1,930,885,871,861,720,118 preview,259,827,886,753,636,-,253,910,871,567,592
2021-01-21,89.0.4389.9 dev,905,901,918,880,735,86.0a1,949,946,902,861,720,118 preview,259,855,890,753,634,-,256,881,848,567,590
2021-01-22,89.0.4389.9 dev,905,901,918,880,735,86.0a1,949,946,902,861,720,118 preview,259,855,890,753,634,-,256,882,848,567,590
2021-01-23,89.0.4389.9 dev,905,901,918,880,735,86.0a1,949,946,902,861,720,118 preview,259,855,890,753,634,-,256,882,848,567,590
2021-01-25,89.0.4389.9 dev,905,901,918,880,735,86.0a1,949,946,902,861,720,118 preview,259,855,890,753,636,-,256,882,848,567,592
2021-01-26,89.0.4389.9 dev,905,901,918,880,735,87.0a1,949,947,902,861,720,118 preview,253,856,891,753,636,-,248,881,848,567,592
2021-01-27,89.0.4389.9 dev,905,901,918,880,735,87.0a1,949,948,902,861,720,118 preview,253,856,890,753,634,-,248,882,848,567,590
2021-01-28,89.0.4389.23 dev,901,908,918,880,735,87.0a1,946,957,904,861,720,119 preview,253,864,892,753,664,-,245,881,842,567,598
2021-01-29,90.0.4400.8 dev,908,908,918,880,735,87.0a1,946,957,904,861,720,119 preview,253,864,892,753,664,-,245,881,842,567,598
2021-01-30,90.0.4400.8 dev,908,908,920,880,735,87.0a1,946,957,905,861,720,119 preview,253,864,895,753,662,-,245,881,841,567,597
2021-02-01,90.0.4400.8 dev,901,908,920,880,735,87.0a1,946,956,905,861,720,119 preview,253,864,895,753,662,-,245,881,841,567,597
2021-02-02,90.0.4400.8 dev,908,908,920,880,735,87.0a1,946,956,905,861,720,119 preview,253,864,896,753,662,-,245,881,841,567,597
2021-02-03,90.0.4400.8 dev,927,908,920,880,735,87.0a1,965,956,905,861,720,119 preview,259,864,896,753,662,-,246,881,841,567,597
2021-02-04,90.0.4400.8 dev,927,908,920,880,735,87.0a1,965,956,905,861,720,119 preview,259,864,895,753,664,-,246,881,841,567,598
2021-02-05,90.0.4400.8 dev,927,908,922,880,735,87.0a1,965,957,907,861,720,119 preview,259,864,896,753,664,-,246,881,840,567,598
2021-02-06,90.0.4408.0 dev,930,911,924,880,735,87.0a1,965,957,907,861,720,119 preview,259,864,896,753,664,-,246,882,843,567,598
2021-02-08,90.0.4408.0 dev,930,911,924,880,735,87.0a1,965,957,907,861,720,119 preview,259,864,896,753,664,-,246,882,843,567,598
2021-02-09,90.0.4412.3 dev,936,911,930,880,735,87.0a1,965,957,912,861,720,119 preview,259,864,901,753,664,-,246,882,842,567,598
2021-02-10,90.0.4412.3 dev,936,911,930,880,735,87.0a1,965,957,911,861,720,119 preview,259,864,901,753,664,-,246,881,841,567,598
2021-02-11,90.0.4412.3 dev,936,911,930,880,735,87.0a1,965,957,912,861,720,119 preview,262,864,901,753,664,-,251,881,842,567,598
2021-02-12,90.0.4412.3 dev,934,912,931,880,735,87.0a1,965,958,913,861,720,120 preview,262,865,906,753,664,-,251,883,842,567,598
2021-02-13,90.0.4412.3 dev,934,912,931,880,735,87.0a1,965,958,912,861,720,120 preview,262,865,906,753,664,-,251,883,841,567,598
2021-02-15,90.0.4412.3 dev,934,912,931,880,735,87.0a1,965,958,913,861,720,120 preview,262,865,907,753,664,-,251,883,842,567,598
2021-02-16,90.0.4412.3 dev,934,912,931,880,735,87.0a1,965,958,913,861,720,120 preview,262,865,906,753,664,-,251,883,842,567,598
2021-02-17,90.0.4412.3 dev,932,912,931,880,735,87.0a1,965,958,912,861,720,120 preview,262,865,906,753,664,-,249,883,841,567,598
2021-02-18,90.0.4412.3 dev,932,912,931,880,735,87.0a1,965,959,913,861,720,120 preview,262,865,906,753,664,-,249,883,842,567,598
2021-02-19,90.0.4421.5 dev,947,914,932,976,735,87.0a1,965,960,913,861,720,120 preview,262,866,906,753,664,-,249,883,842,662,598
2021-02-20,90.0.4421.5 dev,947,914,932,976,735,87.0a1,965,960,913,861,720,120 preview,262,866,906,753,664,-,249,883,842,662,598
2021-02-21,90.0.4421.5 dev,947,914,932,976,735,87.0a1,965,961,913,861,720,120 preview,262,866,906,753,664,-,249,884,842,662,598
2021-02-22,90.0.4421.5 dev,941,914,932,976,735,87.0a1,965,961,913,861,720,120 preview,262,866,906,753,662,-,249,884,842,662,597
2021-02-23,90.0.4421.5 dev,947,915,932,976,735,88.0a1,965,962,913,861,720,120 preview,262,867,905,753,664,-,249,884,841,662,598
2021-02-24,90.0.4421.5 dev,947,915,932,976,735,88.0a1,965,962,913,861,722,120 preview,262,867,906,753,664,-,249,884,842,662,600
2021-02-25,90.0.4427.5 dev,963,915,932,976,735,88.0a1,966,962,913,861,722,120 preview,262,867,906,753,664,-,249,884,842,662,600
2021-02-26,90.0.4427.5 dev,963,916,932,976,735,88.0a1,966,964,913,861,722,121 preview,262,866,910,753,664,-,249,879,846,662,600
2021-02-27,90.0.4427.5 dev,963,916,932,976,735,88.0a1,966,964,913,861,722,121 preview,262,866,910,753,664,-,249,879,846,662,600
2021-03-01,90.0.4427.5 dev,963,916,932,976,735,88.0a1,966,964,913,861,722,121 preview,262,866,910,753,664,-,249,879,846,662,600
2021-03-02,90.0.4427.5 dev,963,916,932,976,735,88.0a1,966,964,913,861,722,121 preview,262,871,910,753,664,-,249,884,846,662,600
2021-03-03,90.0.4430.11 dev,968,916,931,880,735,88.0a1,966,964,913,861,722,121 preview,262,871,910,753,664,-,249,884,846,567,600
2021-03-04,90.0.4430.11 dev,968,916,931,880,735,88.0a1,972,964,913,861,722,121 preview,262,871,910,753,664,-,255,884,846,567,600
2021-03-05,90.0.4430.11 dev,968,916,931,880,735,88.0a1,972,964,913,861,722,121 preview,262,871,910,753,664,-,255,884,846,567,600
2021-03-06,90.0.4430.11 dev,968,916,931,880,735,88.0a1,972,964,912,861,722,121 preview,262,871,910,753,664,-,255,884,845,567,600
2021-03-07,90.0.4430.11 dev,968,916,931,880,735,88.0a1,972,964,913,861,722,121 preview,262,871,910,753,664,-,255,884,846,567,600
2021-03-09,90.0.4430.19 dev,968,916,931,880,735,88.0a1,972,964,913,861,722,121 preview,262,871,910,753,664,-,255,884,846,567,600
2021-03-10,90.0.4430.19 dev,968,916,931,880,735,88.0a1,972,964,912,861,722,121 preview,262,871,910,753,664,-,255,884,845,567,600
2021-03-11,90.0.4430.19 dev,968,918,931,880,735,88.0a1,972,968,913,861,722,121 preview,262,873,910,753,664,-,255,883,846,567,600
2021-03-12,91.0.4442.4 dev,968,919,932,976,735,88.0a1,972,968,913,861,722,122 preview,256,882,911,753,664,-,251,891,847,662,600
2021-03-13,91.0.4442.4 dev,968,919,932,976,735,88.0a1,972,968,913,861,722,122 preview,256,882,911,753,664,-,251,891,847,662,600
2021-03-15,91.0.4442.4 dev,968,919,932,976,735,88.0a1,972,968,913,861,722,122 preview,256,882,911,753,664,-,251,891,847,662,600
2021-03-16,91.0.4442.4 dev,968,919,932,976,735,88.0a1,972,968,913,861,722,122 preview,256,882,911,753,664,-,251,891,847,662,600
2021-03-17,91.0.4442.4 dev,968,919,932,976,735,88.0a1,972,968,913,861,722,122 preview,256,882,911,753,664,-,251,891,847,662,600
2021-03-18,91.0.4442.4 dev,968,920,932,976,735,88.0a1,972,969,913,861,722,122 preview,256,882,911,753,664,-,251,890,847,662,600
2021-03-19,91.0.4449.6 dev,968,919,932,976,735,88.0a1,972,973,913,861,722,122 preview,256,882,911,753,664,-,251,885,847,662,600
2021-03-20,91.0.4449.6 dev,968,919,932,976,735,88.0a1,972,973,913,861,722,122 preview,256,882,911,753,664,-,251,880,847,662,600
2021-03-21,91.0.4449.6 dev,968,919,932,976,735,88.0a1,972,973,912,861,722,122 preview,256,882,911,753,664,-,251,880,846,662,600
2021-03-22,91.0.4449.6 dev,968,921,932,976,735,88.0a1,972,971,912,861,722,122 preview,256,884,911,753,664,-,251,880,846,662,600
2021-03-23,91.0.4449.6 dev,968,923,932,976,735,89.0a1,972,975,913,861,722,122 preview,256,887,911,753,664,-,251,880,847,662,600
2021-03-25,91.0.4449.6 dev,968,923,932,976,735,89.0a1,978,976,913,861,722,122 preview,256,887,911,753,664,-,251,881,847,662,600
2021-03-26,91.0.4449.6 dev,968,923,932,976,737,89.0a1,982,976,913,869,723,122 preview,254,887,911,753,665,-,249,881,847,670,601
2021-03-27,91.0.4449.6 dev,968,923,932,976,736,89.0a1,982,976,913,869,723,122 preview,254,887,911,753,665,-,249,881,847,670,601
2021-03-29,91.0.4449.6 dev,968,923,945,976,736,89.0a1,982,976,913,869,723,122 preview,254,887,924,753,665,-,249,881,860,670,601
2021-03-30,91.0.4449.6 dev,968,923,946,976,736,89.0a1,982,976,913,869,723,122 preview,254,887,924,753,665,-,249,881,860,670,601
2021-03-31,91.0.4449.6 dev,968,923,946,976,736,89.0a1,982,976,913,869,723,122 preview,254,887,924,753,665,-,249,881,860,670,601
2021-04-01,91.0.4449.6 dev,968,923,946,976,738,89.0a1,982,976,913,869,724,123 preview,950,890,926,753,668,-,950,884,863,670,604
2021-04-02,91.0.4449.6 dev,968,923,946,976,738,89.0a1,982,976,913,869,724,123 preview,950,890,926,753,668,-,950,884,863,670,604
2021-04-03,91.0.4449.6 dev,968,923,946,976,738,89.0a1,982,977,913,869,724,123 preview,950,891,926,753,668,-,950,883,863,670,604
2021-04-04,91.0.4449.6 dev,968,923,946,976,738,89.0a1,982,977,913,869,724,123 preview,950,891,926,753,668,-,950,883,863,670,604
2021-04-05,91.0.4449.6 dev,968,923,946,976,738,89.0a1,982,977,912,869,724,123 preview,950,891,926,753,668,-,950,883,862,670,604
2021-04-06,91.0.4449.6 dev,968,923,946,976,751,89.0a1,982,977,913,869,738,123 preview,950,891,926,753,681,-,950,883,863,670,615
2021-04-07,91.0.4449.6 dev,968,923,946,976,751,89.0a1,982,977,913,869,738,123 preview,950,891,926,753,681,-,950,883,863,670,615
2021-04-08,91.0.4449.6 dev,968,923,946,976,751,89.0a1,982,979,913,869,738,123 preview,950,893,926,753,681,-,950,881,863,670,615
2021-04-09,91.0.4449.6 dev,968,922,946,976,751,89.0a1,982,982,913,869,738,123 preview,950,892,926,753,681,-,950,881,863,670,615
2021-04-10,91.0.4449.6 dev,968,922,946,976,751,89.0a1,982,982,912,869,738,123 preview,950,892,926,753,681,-,950,881,862,670,615
2021-04-11,91.0.4449.6 dev,968,923,946,976,751,89.0a1,982,983,912,869,738,123 preview,950,892,927,753,681,-,950,882,862,670,615
2021-04-12,91.0.4449.6 dev,968,923,946,976,751,89.0a1,982,983,912,869,738,123 preview,950,892,926,753,681,-,950,882,862,670,615
2021-04-13,91.0.4449.6 dev,968,923,946,976,751,89.0a1,982,983,913,869,738,123 preview,950,892,926,753,681,-,950,882,863,670,615
2021-04-14,91.0.4469.4 dev,968,931,946,976,753,89.0a1,982,983,913,869,738,123 preview,950,892,926,753,681,-,950,885,863,670,616
2021-04-15,91.0.4472.10 dev,968,932,945,880,755,89.0a1,982,983,913,869,738,123 preview,950,892,926,753,681,-,950,887,863,575,617
2021-04-16,91.0.4472.10 dev,968,932,945,880,755,89.0a1,982,983,913,869,738,123 preview,950,892,926,753,681,-,950,887,863,575,617
2021-04-17,91.0.4472.10 dev,968,932,944,880,755,89.0a1,982,983,912,869,738,123 preview,950,892,925,753,681,-,950,887,862,575,617
2021-04-18,91.0.4472.10 dev,968,932,944,880,755,89.0a1,982,983,913,869,738,123 preview,950,892,925,753,681,-,950,887,863,575,617
2021-04-19,91.0.4472.10 dev,968,932,944,880,755,89.0a1,982,983,913,869,738,123 preview,950,892,925,753,681,-,950,887,863,575,617
2021-04-20,91.0.4472.10 dev,968,932,944,880,755,90.0a1,982,984,913,869,738,123 preview,950,892,925,753,681,-,950,887,863,575,617
2021-04-21,91.0.4472.10 dev,968,932,944,880,755,90.0a1,982,984,912,869,738,123 preview,950,892,925,753,681,-,950,887,862,575,617
2021-04-22,91.0.4472.19 dev,968,932,944,880,755,90.0a1,982,984,913,869,738,123 preview,951,892,925,753,681,-,951,887,863,575,617
2021-04-23,91.0.4472.19 dev,968,932,944,880,756,90.0a1,982,984,913,869,738,123 preview,951,892,925,753,681,-,951,887,863,575,618
2021-04-24,91.0.4472.19 dev,968,932,944,880,756,90.0a1,982,984,912,869,738,123 preview,951,892,925,753,681,-,951,887,862,575,618
2021-04-26,91.0.4472.19 dev,968,932,944,880,756,90.0a1,982,984,913,869,738,123 preview,951,892,925,753,681,-,951,887,863,575,618
2021-04-27,91.0.4472.19 dev,968,932,944,880,756,90.0a1,982,984,913,869,738,123 preview,951,892,925,753,681,-,951,887,863,575,618
2021-04-28,91.0.4472.19 dev,968,932,943,880,759,90.0a1,982,984,913,869,739,123 preview,951,892,925,753,681,-,951,887,862,575,618
2021-04-29,91.0.4472.19 dev,968,932,943,880,758,90.0a1,982,984,913,869,739,123 preview,951,892,925,753,681,-,951,887,862,575,618
2021-04-30,91.0.4472.19 dev,968,933,943,880,758,90.0a1,982,985,908,869,739,123 preview,951,892,925,753,681,-,951,886,863,575,618
2021-05-01,91.0.4472.19 dev,968,933,943,880,758,90.0a1,982,985,906,869,739,123 preview,951,892,925,753,681,-,951,886,862,575,618
2021-05-03,91.0.4472.19 dev,955,933,943,880,758,90.0a1,982,985,906,869,739,123 preview,938,892,925,753,681,-,938,886,862,575,618
2021-05-04,91.0.4472.19 dev,955,933,943,880,758,90.0a1,982,985,908,869,739,123 preview,938,892,925,753,681,-,938,886,863,575,618
2021-05-05,91.0.4472.19 dev,955,933,943,880,758,90.0a1,982,985,908,869,739,123 preview,938,892,925,753,681,-,938,886,863,575,618
2021-05-06,91.0.4472.19 dev,955,933,943,880,760,90.0a1,982,985,906,869,739,123 preview,938,892,925,753,683,-,938,886,862,575,619
2021-05-07,91.0.4472.19 dev,955,933,943,880,760,90.0a1,982,985,907,869,739,123 preview,938,892,925,753,683,-,938,886,862,575,619
2021-05-08,91.0.4472.19 dev,955,933,943,880,760,90.0a1,982,985,907,869,739,124 preview,945,892,927,753,683,-,944,886,865,575,619
2021-05-09,91.0.4472.19 dev,955,933,943,880,760,90.0a1,982,985,908,869,739,124 preview,945,892,927,753,682,-,944,886,866,575,618
2021-05-10,91.0.4472.19 dev,955,933,943,880,760,90.0a1,982,985,907,869,739,124 preview,945,892,927,753,683,-,944,886,865,575,619
2021-05-11,91.0.4472.19 dev,955,933,943,880,760,90.0a1,982,985,908,869,739,124 preview,945,892,927,753,683,-,944,886,866,575,619
2021-05-12,91.0.4472.19 dev,954,933,943,880,760,90.0a1,982,985,908,869,739,124 preview,941,892,928,753,683,-,941,886,867,575,619
2021-05-13,91.0.4472.19 dev,954,933,943,880,760,90.0a1,982,985,908,869,739,124 preview,941,892,928,753,683,-,941,886,867,575,619
2021-05-14,91.0.4472.19 dev,954,933,943,880,760,90.0a1,982,985,907,869,739,124 preview,941,892,928,753,683,-,941,886,866,575,619
2021-05-16,91.0.4472.19 dev,954,933,943,880,761,90.0a1,982,985,908,869,740,124 preview,941,892,928,753,683,-,941,886,867,575,619
2021-05-17,91.0.4472.19 dev,954,933,943,880,761,90.0a1,982,985,907,869,740,124 preview,941,892,928,753,685,-,941,886,866,575,621
2021-05-18,91.0.4472.19 dev,954,933,943,880,761,90.0a1,982,985,907,869,741,124 preview,941,892,928,753,685,-,941,886,866,575,621
2021-05-19,91.0.4472.19 dev,954,933,943,880,761,90.0a1,982,985,907,869,741,124 preview,941,892,928,753,685,-,941,886,866,575,621
2021-05-20,91.0.4472.19 dev,954,932,943,880,761,90.0a1,982,984,907,869,741,124 preview,941,892,928,753,685,-,941,886,866,575,621
2021-05-21,91.0.4472.19 dev,954,932,943,880,761,90.0a1,982,984,908,869,741,124 preview,941,892,928,753,685,-,941,886,867,575,621
2021-05-31,91.0.4472.19 dev,954,932,943,880,761,90.0a1,982,984,908,869,741,125 preview,941,897,933,777,686,-,941,890,872,575,621
2021-06-01,91.0.4472.19 dev,954,932,943,880,761,91.0a1,982,984,907,869,741,125 preview,941,897,933,777,686,-,941,890,871,575,621
2021-06-02,91.0.4472.19 dev,954,932,943,880,761,91.0a1,982,984,908,869,741,125 preview,941,897,933,777,686,-,941,890,872,575,621
2021-06-03,92.0.4515.40 dev,954,934,946,976,777,91.0a1,982,984,907,869,749,125 preview,941,897,933,777,694,-,941,891,871,670,631
2021-06-04,93.0.4530.5 dev,954,934,946,976,777,91.0a1,982,984,907,869,749,125 preview,941,897,933,777,694,-,941,891,871,670,631
2021-06-05,93.0.4530.5 dev,948,934,946,976,777,91.0a1,982,984,908,869,749,125 preview,941,897,933,777,692,-,934,891,872,670,629
2021-06-07,93.0.4530.5 dev,948,934,946,976,774,91.0a1,982,984,908,869,745,125 preview,941,897,933,777,690,-,934,891,872,670,628
2021-06-08,93.0.4535.3 dev,954,934,946,976,778,91.0a1,982,984,906,869,745,125 preview,941,897,933,777,688,-,941,891,870,670,627
2021-06-09,93.0.4535.3 dev,954,934,946,976,778,91.0a1,982,984,906,869,745,125 preview,941,897,933,777,690,-,941,891,870,670,628
2021-06-10,93.0.4535.3 dev,954,934,946,976,778,91.0a1,982,984,905,869,745,125 preview,941,897,933,777,690,-,941,891,869,670,628
2021-06-11,93.0.4535.3 dev,954,934,946,976,780,91.0a1,982,984,905,869,745,125 preview,941,897,933,777,690,-,941,891,869,670,628
2021-06-12,93.0.4535.3 dev,954,934,946,976,780,91.0a1,982,984,905,869,745,125 preview,941,897,933,777,690,-,941,891,869,670,628
2021-06-13,93.0.4535.3 dev,954,934,946,976,780,91.0a1,982,984,906,869,745,125 preview,941,897,933,777,690,-,941,891,870,670,628
2021-06-14,93.0.4535.3 dev,954,934,946,976,780,91.0a1,982,984,906,869,745,125 preview,941,897,933,777,690,-,941,891,870,670,628
2021-06-15,93.0.4542.2 dev,954,943,968,976,780,91.0a1,982,984,906,869,745,125 preview,941,905,932,777,690,-,941,899,866,670,628
2021-06-16,93.0.4542.2 dev,954,949,968,1000,780,91.0a1,982,984,906,892,745,125 preview,941,911,932,801,688,-,941,905,866,694,627
2021-06-17,93.0.4542.2 dev,954,949,968,1000,780,91.0a1,982,984,906,892,745,125 preview,941,911,932,801,690,-,941,905,866,694,628
2021-06-18,93.0.4542.2 dev,954,949,968,1000,780,91.0a1,982,984,906,892,745,125 preview,941,911,932,801,690,-,941,905,866,694,628
2021-06-19,93.0.4542.2 dev,954,949,968,1000,780,91.0a1,982,984,904,892,745,125 preview,941,911,932,801,690,-,941,905,866,694,628
2021-06-21,93.0.4542.2 dev,954,949,968,1000,780,91.0a1,982,984,902,892,747,125 preview,941,911,932,801,690,-,941,905,865,694,627
2021-06-22,93.0.4549.3 dev,954,949,969,1000,781,91.0a1,982,984,902,892,748,125 preview,941,911,932,801,690,-,941,905,865,694,627
2021-06-23,93.0.4549.3 dev,954,949,969,1000,781,91.0a1,982,984,898,892,748,125 preview,941,911,932,801,689,-,941,905,865,694,626
2021-06-24,93.0.4549.3 dev,948,949,969,1000,781,91.0a1,982,984,899,892,748,125 preview,941,911,932,801,690,-,934,905,866,694,627
2021-06-25,93.0.4549.3 dev,954,949,969,1000,781,91.0a1,982,984,899,892,748,125 preview,941,911,932,801,690,-,941,905,866,694,627
2021-06-26,93.0.4549.3 dev,954,949,972,1000,781,91.0a1,982,984,901,892,748,125 preview,941,911,932,801,690,-,941,905,869,694,627
2021-06-27,93.0.4549.3 dev,954,949,972,1000,781,91.0a1,982,984,901,892,748,125 preview,941,911,932,801,690,-,941,905,869,694,627
2021-06-28,93.0.4549.3 dev,954,949,972,1000,781,91.0a1,982,984,901,892,748,125 preview,941,911,932,801,690,-,941,905,869,694,627
2021-06-29,93.0.4549.3 dev,954,949,972,1000,781,91.0a1,982,984,901,892,748,125 preview,941,911,932,801,689,-,941,905,869,694,626
2021-06-30,93.0.4557.4 dev,954,968,972,1000,781,91.0a1,982,984,901,892,748,125 preview,941,911,932,801,690,-,941,905,869,694,627
2021-07-01,93.0.4557.4 dev,954,968,972,1000,781,91.0a1,982,984,901,892,748,125 preview,941,911,932,801,690,-,941,905,869,694,627
2021-07-02,93.0.4557.4 dev,954,968,972,1000,781,91.0a1,982,984,900,892,748,125 preview,941,911,932,801,690,-,941,905,868,694,627
2021-07-05,93.0.4557.4 dev,954,968,975,1000,781,91.0a1,982,984,897,892,748,125 preview,941,911,933,801,690,-,941,905,868,694,627
2021-07-06,93.0.4557.4 dev,954,968,975,1000,781,91.0a1,982,984,897,892,752,125 preview,941,911,933,801,690,-,941,905,868,694,627
2021-07-07,93.0.4557.4 dev,954,968,975,1000,781,91.0a1,982,984,897,892,752,125 preview,941,911,933,801,690,-,941,905,868,694,627
2021-07-08,93.0.4557.4 dev,954,968,975,1000,781,91.0a1,982,984,897,892,752,125 preview,941,911,933,801,690,-,941,905,868,694,627
2021-07-09,93.0.4557.4 dev,954,968,975,1000,781,91.0a1,982,984,898,892,752,125 preview,941,911,933,801,689,-,941,905,869,694,626
2021-07-12,93.0.4557.4 dev,954,971,975,1000,781,91.0a1,982,984,897,892,752,125 preview,941,913,933,801,690,-,941,907,868,694,627
2021-07-13,93.0.4557.4 dev,954,971,975,1000,781,92.0a1,982,984,898,892,752,125 preview,941,913,933,801,690,-,941,907,869,694,627
2021-07-22,93.0.4577.8 dev,954,971,975,1000,789,92.0a1,982,984,897,892,752,125 preview,941,913,933,801,690,-,941,907,868,694,634
2021-07-23,93.0.4577.8 dev,954,971,975,1000,789,92.0a1,982,984,897,892,752,125 preview,941,913,933,801,690,-,941,907,868,694,634
2021-07-24,93.0.4577.8 dev,954,971,975,1000,789,92.0a1,982,984,898,892,752,125 preview,941,913,933,801,689,-,941,907,869,694,632
2021-07-25,93.0.4577.8 dev,954,971,975,1000,789,92.0a1,982,984,897,892,752,125 preview,941,913,933,801,690,-,941,907,868,694,634
2021-07-26,93.0.4577.8 dev,954,971,975,1000,789,92.0a1,982,984,897,892,752,125 preview,941,913,933,801,690,-,941,907,868,694,634
2021-07-27,93.0.4577.15 dev,954,971,975,1000,789,92.0a1,982,984,898,892,752,125 preview,941,913,933,801,690,-,941,907,869,694,634
2021-07-28,93.0.4577.15 dev,954,971,975,1000,789,92.0a1,982,984,898,892,752,125 preview,941,913,933,801,690,-,941,907,869,694,634
2021-07-29,93.0.4577.18 dev,954,971,975,1000,789,92.0a1,982,984,897,892,752,125 preview,941,913,934,801,690,-,941,907,868,694,634
2021-07-30,93.0.4577.18 dev,954,971,975,1000,789,92.0a1,982,984,898,892,752,125 preview,941,913,933,801,690,-,941,907,869,694,634
2021-07-31,93.0.4577.18 dev,954,971,975,1000,789,92.0a1,982,984,898,892,752,125 preview,941,913,933,801,690,-,941,907,869,694,634
2021-08-01,93.0.4577.18 dev,954,971,975,1000,789,92.0a1,982,984,897,892,752,125 preview,941,913,933,801,690,-,941,907,868,694,634
2021-08-02,93.0.4577.18 dev,954,971,975,1000,789,92.0a1,982,984,898,892,752,125 preview,941,913,933,801,690,-,941,907,869,694,634
2021-08-03,94.0.4595.0 dev,954,971,975,1000,789,92.0a1,982,984,898,892,752,125 preview,941,913,934,801,690,-,941,907,869,694,634
2021-08-04,94.0.4595.0 dev,954,971,975,1000,789,92.0a1,982,984,898,892,752,125 preview,941,913,933,801,690,-,941,907,869,694,634
2021-08-05,94.0.4595.0 dev,954,971,975,1000,789,92.0a1,982,984,897,892,752,125 preview,941,913,933,801,690,-,941,907,868,694,634
2021-08-06,94.0.4595.0 dev,954,971,975,1000,789,92.0a1,982,984,898,892,752,125 preview,941,913,933,801,690,-,941,907,869,694,634
2021-08-07,94.0.4595.0 dev,954,971,975,1000,789,92.0a1,982,984,898,892,752,125 preview,941,913,933,801,690,-,941,907,869,694,634
2021-08-09,94.0.4595.0 dev,954,970,975,1000,789,92.0a1,982,984,898,892,752,125 preview,941,912,933,801,690,-,941,906,869,694,634
2021-08-10,94.0.4595.0 dev,948,970,975,1000,789,93.0a1,982,984,898,892,752,125 preview,941,912,933,801,690,-,934,906,869,694,634
2021-08-11,94.0.4603.0 dev,967,977,975,1000,789,93.0a1,982,984,898,892,752,125 preview,941,912,934,801,690,-,941,907,869,694,634
2021-08-12,94.0.4603.0 dev,967,977,975,1000,789,93.0a1,982,984,898,892,752,125 preview,941,912,934,801,690,-,941,907,869,694,634
2021-08-13,94.0.4603.0 dev,967,977,975,1000,789,93.0a1,982,984,898,892,759,125 preview,941,912,933,801,690,-,941,907,869,694,636
2021-08-14,94.0.4603.0 dev,967,977,975,1000,789,93.0a1,982,984,898,892,759,125 preview,941,912,933,801,690,-,941,907,869,694,636
2021-08-16,94.0.4603.0 dev,967,977,975,1000,789,93.0a1,982,984,898,892,759,125 preview,941,912,934,801,690,-,941,907,869,694,636
2021-08-17,94.0.4603.0 dev,967,977,975,1000,789,93.0a1,982,984,898,892,759,125 preview,941,912,933,801,690,-,941,907,869,694,636
2021-08-18,94.0.4603.0 dev,967,977,975,1000,789,93.0a1,982,984,898,892,759,125 preview,941,912,934,801,690,-,941,907,869,694,636
2021-08-20,94.0.4606.12 dev,967,977,975,1000,789,93.0a1,982,984,898,892,759,125 preview,941,912,934,801,690,-,941,907,869,694,636
2021-08-23,94.0.4606.12 dev,967,977,975,1000,792,93.0a1,982,984,898,892,761,125 preview,941,912,933,801,690,-,941,907,869,694,635
2021-08-24,94.0.4606.12 dev,967,977,975,1000,792,93.0a1,982,984,898,892,761,125 preview,941,912,933,801,690,-,941,907,869,694,635
2021-08-25,94.0.4606.20 dev,967,977,975,1000,792,93.0a1,982,984,898,892,761,125 preview,941,912,933,801,690,-,941,907,869,694,635
2021-08-26,94.0.4606.20 dev,967,977,975,1000,792,93.0a1,982,984,898,892,761,125 preview,941,912,933,825,690,-,941,907,869,718,635
2021-08-27,95.0.4621.4 dev,968,977,975,1000,793,93.0a1,982,984,898,892,763,125 preview,941,912,933,825,692,-,941,907,869,718,636
2021-08-28,95.0.4621.4 dev,968,977,975,1000,793,93.0a1,982,985,898,892,763,125 preview,941,912,933,825,692,-,941,907,869,718,636
2021-08-30,95.0.4621.4 dev,968,977,975,1000,793,93.0a1,982,985,898,892,763,125 preview,941,912,933,825,692,-,941,907,869,718,636
2021-08-31,95.0.4621.4 dev,968,977,975,1000,793,93.0a1,982,985,898,892,763,125 preview,941,912,933,825,692,-,941,907,869,718,636
2021-09-01,95.0.4621.4 dev,968,977,975,1000,793,93.0a1,982,985,898,892,763,125 preview,941,912,933,825,692,-,941,907,869,718,636
2021-09-02,95.0.4621.4 dev,968,977,975,1000,793,93.0a1,982,985,898,892,763,125 preview,941,912,933,825,692,-,941,907,869,718,636
2021-09-03,95.0.4628.3 dev,968,977,975,1000,793,93.0a1,982,985,898,892,763,125 preview,941,912,933,825,692,-,941,907,869,718,636
2021-09-04,95.0.4628.3 dev,968,977,975,1000,793,93.0a1,982,985,898,892,763,125 preview,941,912,933,825,692,-,941,907,869,718,636
2021-09-05,95.0.4628.3 dev,968,977,975,1000,793,93.0a1,982,985,898,892,763,125 preview,941,912,933,825,692,-,941,907,869,718,636
2021-09-06,95.0.4628.3 dev,968,977,975,1000,793,93.0a1,982,985,898,892,763,125 preview,941,912,933,825,692,-,941,907,869,718,636
2021-09-07,95.0.4628.3 dev,968,977,975,1000,793,94.0a1,982,985,898,892,763,125 preview,941,912,933,825,692,-,941,907,869,718,636
2021-09-08,95.0.4628.3 dev,968,977,975,1000,793,94.0a1,982,985,898,892,763,125 preview,941,912,933,825,692,-,941,907,869,718,636
2021-09-09,95.0.4628.3 dev,968,977,975,1000,793,94.0a1,982,985,898,892,763,125 preview,941,912,933,825,692,-,941,907,869,718,636
2021-09-10,95.0.4636.4 dev,968,977,975,1000,793,94.0a1,982,985,898,892,763,125 preview,941,912,933,825,692,-,941,907,869,718,636
2021-09-11,95.0.4636.4 dev,968,977,975,1000,793,94.0a1,982,985,898,892,763,125 preview,941,912,933,825,692,-,941,907,869,718,636
2021-09-12,95.0.4636.4 dev,968,977,975,1000,793,94.0a1,982,985,898,892,763,125 preview,941,912,933,825,692,-,941,907,869,718,636
2021-09-13,95.0.4636.4 dev,968,977,975,1000,793,94.0a1,982,985,898,892,763,125 preview,941,912,933,825,692,-,941,907,869,718,636
2021-09-14,95.0.4636.4 dev,968,977,975,1000,793,94.0a1,982,985,898,892,763,125 preview,941,912,933,825,692,-,941,907,869,718,636
2021-09-15,95.0.4636.4 dev,968,977,975,1000,793,94.0a1,982,985,898,892,763,125 preview,941,912,933,825,692,-,941,907,869,718,636
2021-09-16,95.0.4638.10 dev,961,977,975,1000,793,94.0a1,982,985,898,892,763,125 preview,941,912,933,825,692,-,935,907,869,718,636
2021-09-17,95.0.4638.10 dev,968,977,975,1000,855,94.0a1,982,985,898,892,836,125 preview,941,912,933,825,746,-,941,907,869,718,688
2021-09-18,95.0.4638.10 dev,968,977,975,1000,917,94.0a1,982,985,898,892,897,125 preview,941,912,933,825,752,-,941,907,869,718,693
2021-09-20,95.0.4638.10 dev,961,977,975,1000,918,94.0a1,982,985,898,892,901,125 preview,941,912,933,825,752,-,935,907,869,718,693
2021-09-21,95.0.4638.17 dev,961,977,975,1000,918,94.0a1,982,985,898,892,901,125 preview,941,912,933,825,751,-,935,907,869,718,693
2021-09-22,95.0.4638.17 dev,968,977,975,1000,918,94.0a1,982,985,898,892,901,125 preview,941,912,933,825,751,-,941,907,869,718,693
2021-09-23,95.0.4638.17 dev,968,977,975,1000,918,94.0a1,982,985,898,892,901,125 preview,941,912,933,825,751,-,941,907,869,718,693
2021-09-24,96.0.4651.0 dev,974,977,976,1000,934,94.0a1,982,985,898,892,920,125 preview,941,912,933,825,761,-,941,907,869,718,704
2021-09-25,96.0.4651.0 dev,974,977,976,1000,935,94.0a1,982,985,898,892,921,125 preview,941,912,933,825,762,-,941,907,869,718,706
2021-09-27,96.0.4651.0 dev,974,977,976,1000,935,94.0a1,982,985,898,892,921,125 preview,941,912,933,825,762,-,941,907,869,718,706
2021-09-28,96.0.4655.0 dev,987,977,976,1000,935,94.0a1,982,985,898,892,921,125 preview,941,912,933,825,762,-,941,907,869,718,706
2021-09-29,96.0.4655.0 dev,987,977,976,1000,935,94.0a1,982,986,898,892,921,125 preview,941,912,933,825,762,-,941,907,869,718,706
2021-09-30,96.0.4655.0 dev,987,977,976,1000,935,94.0a1,982,986,898,892,921,125 preview,941,912,933,825,762,-,941,907,869,718,706
2021-10-01,96.0.4655.0 dev,987,977,976,1000,935,94.0a1,982,986,898,892,921,125 preview,941,912,933,825,762,-,941,907,869,718,706
2021-10-02,96.0.4655.0 dev,987,977,976,1000,935,94.0a1,982,987,898,892,921,125 preview,941,913,933,825,762,-,941,908,869,718,706
2021-10-04,96.0.4655.0 dev,987,977,976,1000,935,94.0a1,982,987,898,892,921,125 preview,941,913,933,825,762,-,941,908,869,718,706
2021-10-05,96.0.4655.0 dev,987,977,976,1000,935,95.0a1,982,987,898,892,921,125 preview,941,913,933,825,762,-,941,908,869,718,706
2021-10-06,96.0.4655.0 dev,987,977,976,1000,935,95.0a1,982,987,898,892,921,125 preview,941,913,933,825,762,-,941,908,869,718,706
2021-10-07,96.0.4655.0 dev,987,977,976,1000,935,95.0a1,982,987,898,892,921,125 preview,941,913,933,825,762,-,941,908,869,718,706
2021-10-08,96.0.4662.6 dev,987,977,977,1000,935,95.0a1,982,987,898,892,921,125 preview,941,913,933,825,762,-,941,908,869,718,706
2021-10-09,96.0.4662.6 dev,987,977,977,1000,935,95.0a1,982,987,898,892,921,125 preview,941,913,933,825,762,-,941,908,869,718,706
2021-10-11,96.0.4662.6 dev,987,977,977,1000,935,95.0a1,982,987,898,892,921,125 preview,941,913,933,825,762,-,941,908,869,718,706
2021-10-12,96.0.4662.6 dev,980,977,977,1000,935,95.0a1,982,987,898,892,921,125 preview,941,913,933,825,762,-,935,908,869,718,706
2021-10-13,96.0.4662.6 dev,987,977,977,1000,935,95.0a1,982,985,898,892,921,125 preview,941,913,933,825,762,-,941,907,869,718,706
2021-10-14,96.0.4664.9 dev,987,975,977,1000,935,95.0a1,982,983,898,892,921,125 preview,941,911,933,825,762,-,941,905,869,718,706
2021-10-15,96.0.4664.9 dev,987,975,977,1000,975,95.0a1,982,985,898,892,971,125 preview,941,911,933,825,778,-,941,906,869,718,762
2021-10-16,96.0.4664.9 dev,987,975,977,1000,975,95.0a1,982,985,898,892,971,125 preview,941,911,933,825,779,-,941,906,869,718,763
2021-10-18,96.0.4664.9 dev,987,975,977,1000,975,95.0a1,982,985,898,892,971,125 preview,941,911,933,825,779,-,941,906,869,718,763
2021-10-19,96.0.4664.9 dev,987,975,977,1000,975,95.0a1,982,985,898,892,971,125 preview,941,911,933,825,779,-,941,906,869,718,763
2021-10-20,96.0.4664.18 dev,987,975,977,1000,975,95.0a1,982,985,898,892,971,125 preview,941,911,933,825,779,-,941,906,869,718,763
2021-10-21,97.0.4676.0 dev,987,978,977,1000,975,95.0a1,982,985,898,892,971,125 preview,941,911,933,825,779,-,941,907,869,718,763
2021-10-22,97.0.4676.0 dev,987,978,977,1000,975,95.0a1,982,985,898,892,971,125 preview,941,911,933,825,779,-,941,907,869,718,763
2021-10-23,97.0.4676.0 dev,987,978,977,1000,975,95.0a1,982,985,898,892,971,125 preview,941,911,933,825,779,-,941,907,869,718,763
2021-10-24,97.0.4676.0 dev,987,978,977,1000,975,95.0a1,982,985,898,892,971,125 preview,941,911,934,825,779,-,941,907,870,718,763
2021-10-25,97.0.4676.0 dev,987,978,977,1000,975,95.0a1,982,985,898,892,971,125 preview,941,911,933,825,778,-,941,907,869,718,762
2021-10-26,97.0.4676.0 dev,987,978,977,1000,975,95.0a1,982,985,898,892,971,125 preview,941,911,933,825,779,-,941,907,869,718,763
2021-10-27,97.0.4676.0 dev,987,978,977,1000,975,95.0a1,982,985,898,892,971,125 preview,941,911,933,825,778,-,941,907,869,718,762
2021-10-28,97.0.4682.3 dev,987,978,977,1000,977,95.0a1,982,985,898,892,972,125 preview,941,911,933,825,778,-,941,907,869,718,762
2021-10-29,97.0.4682.3 dev,987,978,977,1000,977,95.0a1,982,985,898,892,973,125 preview,941,911,933,825,779,-,941,907,869,718,762
2021-10-30,97.0.4682.3 dev,987,978,977,1000,977,95.0a1,982,985,898,892,973,125 preview,941,911,933,825,780,-,941,907,869,718,764
2021-11-01,97.0.4682.3 dev,987,978,977,1000,977,95.0a1,982,985,898,892,973,125 preview,941,911,933,825,780,-,941,907,869,718,764
2021-11-02,97.0.4688.2 dev,987,978,977,1000,977,95.0a1,982,985,898,892,973,125 preview,941,911,933,825,780,-,941,907,869,718,764
2021-11-03,97.0.4688.2 dev,987,978,977,1000,977,96.0a1,982,985,898,892,973,125 preview,941,911,933,825,780,-,941,907,869,718,764
2021-11-04,97.0.4688.2 dev,987,978,977,1000,977,96.0a1,982,985,898,892,973,125 preview,941,911,933,825,780,-,941,907,869,718,764
2021-11-05,97.0.4688.2 dev,987,978,977,1000,977,96.0a1,982,985,898,892,973,125 preview,941,911,933,825,780,-,941,907,869,718,764
2021-11-06,97.0.4688.2 dev,987,978,977,1000,977,96.0a1,982,985,898,892,973,125 preview,941,911,933,825,780,-,941,907,869,718,764
2021-11-08,97.0.4688.2 dev,987,978,977,1000,977,96.0a1,982,985,898,892,973,125 preview,941,911,933,825,780,-,941,907,869,718,764
2021-11-09,97.0.4692.8 dev,987,978,977,1000,977,96.0a1,970,985,898,892,973,125 preview,954,911,933,825,780,-,941,907,869,718,764
2021-11-10,97.0.4692.8 dev,980,978,977,1000,977,96.0a1,970,985,911,892,973,125 preview,954,911,933,825,780,-,935,907,869,718,764
2021-11-11,97.0.4692.8 dev,987,978,977,1000,977,96.0a1,970,985,911,892,973,125 preview,954,911,933,825,780,-,941,907,869,718,764
2021-11-12,97.0.4692.8 dev,987,978,977,1000,977,96.0a1,970,985,911,892,973,125 preview,954,911,933,825,780,-,941,907,869,718,764
2021-11-13,97.0.4692.8 dev,987,978,977,1000,977,96.0a1,970,985,911,892,973,125 preview,954,911,933,825,780,-,941,907,869,718,764
2021-11-14,97.0.4692.8 dev,987,978,977,1000,977,96.0a1,970,985,911,892,973,125 preview,954,911,933,825,780,-,941,907,869,718,764
2021-11-15,97.0.4692.8 dev,987,978,977,1000,977,96.0a1,970,985,911,892,973,125 preview,954,911,933,825,780,-,941,907,869,718,764
2021-11-16,97.0.4692.20 dev,987,978,977,1000,977,96.0a1,970,985,911,892,973,135 preview,951,936,963,1000,831,-,947,927,880,892,815
2021-11-17,97.0.4692.20 dev,987,978,977,1000,977,96.0a1,970,985,911,892,973,135 preview,952,936,963,1000,833,-,947,927,880,892,816
2021-11-18,97.0.4692.20 dev,987,978,977,1000,977,96.0a1,970,985,911,892,973,135 preview,951,936,963,1000,831,-,947,927,880,892,815
2021-11-19,97.0.4692.20 dev,987,978,977,1000,977,96.0a1,970,985,911,892,973,135 preview,951,936,963,1000,833,-,947,927,880,892,816
2021-11-23,97.0.4692.20 dev,987,978,977,1000,977,96.0a1,970,985,911,892,973,135 preview,951,936,963,1000,833,-,947,927,880,892,816
2021-11-24,97.0.4692.20 dev,987,978,977,1000,977,96.0a1,970,985,911,892,973,135 preview,952,936,963,1000,833,-,947,927,880,892,816
2021-11-25,97.0.4692.20 dev,987,978,977,1000,977,96.0a1,970,985,911,892,973,135 preview,951,936,963,1000,833,-,947,927,880,892,816
2021-11-26,97.0.4692.20 dev,987,978,977,1000,977,96.0a1,970,985,911,892,973,135 preview,951,936,963,1000,833,-,947,927,880,892,816
2021-11-28,97.0.4692.20 dev,987,978,977,1000,977,96.0a1,970,985,911,892,973,135 preview,951,936,963,1000,833,-,947,927,880,892,816
2021-11-29,97.0.4692.20 dev,987,978,977,1000,977,96.0a1,970,985,911,892,973,135 preview,951,936,963,1000,831,-,947,927,880,892,815
2021-11-30,97.0.4692.20 dev,987,978,977,1000,977,96.0a1,970,985,911,892,973,135 preview,951,936,963,1000,831,-,947,927,880,892,815
2021-12-01,98.0.4736.0 dev,993,978,977,1000,977,96.0a1,976,985,911,892,973,135 preview,957,936,963,1000,833,-,947,927,880,892,816
2021-12-02,98.0.4736.0 dev,987,980,977,1000,977,96.0a1,976,987,912,892,973,135 preview,957,936,963,1000,833,-,941,929,881,892,816
2021-12-03,98.0.4736.0 dev,993,980,977,1000,977,96.0a1,976,987,912,892,973,135 preview,957,936,963,1000,833,-,947,929,881,892,816
2021-12-04,98.0.4736.0 dev,993,980,977,1000,977,96.0a1,976,988,912,892,973,135 preview,957,936,964,1000,833,-,947,929,882,892,816
2021-12-05,98.0.4736.0 dev,993,980,977,1000,977,96.0a1,976,988,912,892,973,135 preview,957,936,963,1000,833,-,947,929,881,892,816
2021-12-06,98.0.4736.0 dev,993,980,977,1000,977,96.0a1,976,988,912,892,973,135 preview,957,936,963,1000,833,-,947,929,881,892,816
2021-12-07,98.0.4736.0 dev,993,980,977,1000,977,97.0a1,976,989,912,892,973,135 preview,957,936,963,1000,833,-,947,929,881,892,816
2021-12-08,98.0.4750.0 dev,993,980,978,1000,978,97.0a1,976,989,912,892,973,135 preview,957,936,963,1000,833,-,947,929,881,892,817
2021-12-09,98.0.4750.0 dev,987,980,978,1000,978,97.0a1,976,989,912,892,973,136 preview,971,945,963,1000,846,-,953,938,881,892,830
2021-12-10,98.0.4750.0 dev,993,980,978,1000,978,97.0a1,976,989,912,892,973,136 preview,970,945,963,1000,846,-,960,938,881,892,830
2021-12-11,98.0.4750.0 dev,993,980,978,1000,978,97.0a1,976,989,912,892,973,136 preview,970,945,963,1000,846,-,960,938,881,892,830
2021-12-12,98.0.4750.0 dev,993,980,978,1000,978,97.0a1,976,989,912,892,973,136 preview,970,945,963,1000,846,-,960,938,881,892,830
2021-12-13,98.0.4750.0 dev,993,980,978,1000,978,97.0a1,976,989,912,892,973,136 preview,970,945,963,1000,846,-,960,938,881,892,830
2021-12-14,98.0.4750.0 dev,993,980,978,1000,978,97.0a1,976,989,912,892,973,136 preview,970,945,963,1000,844,-,960,938,881,892,829
2021-12-15,98.0.4750.0 dev,993,980,978,1000,978,97.0a1,976,989,912,892,973,136 preview,970,945,963,1000,846,-,960,938,881,892,830
2021-12-16,98.0.4758.9 dev,993,980,978,1000,978,97.0a1,976,989,912,892,973,136 preview,970,945,963,1000,844,-,960,938,881,892,829
2021-12-17,98.0.4758.9 dev,987,980,978,1000,978,97.0a1,976,989,912,892,973,136 preview,970,945,963,1000,844,-,953,938,881,892,829
2021-12-18,98.0.4758.9 dev,993,980,978,1000,978,97.0a1,976,989,912,892,973,136 preview,970,945,963,1000,846,-,960,938,881,892,830
2021-12-20,98.0.4758.9 dev,993,980,978,1000,978,97.0a1,976,989,912,892,973,136 preview,970,945,963,1000,846,-,960,938,881,892,830
2021-12-21,98.0.4758.9 dev,993,980,978,1000,978,97.0a1,976,989,912,892,973,137 preview,970,946,963,1000,846,-,960,939,881,892,831
2021-12-22,98.0.4758.9 dev,993,980,978,1000,978,97.0a1,976,989,912,892,973,137 preview,971,946,963,1000,846,-,960,939,881,892,831
2021-12-23,98.0.4758.9 dev,993,985,978,1000,978,97.0a1,976,989,912,892,973,137 preview,971,951,963,1000,846,-,960,944,881,892,831
2021-12-25,98.0.4758.9 dev,993,985,978,1000,978,97.0a1,976,989,912,892,973,137 preview,971,951,963,1000,846,-,960,944,881,892,831
2021-12-26,98.0.4758.9 dev,993,985,978,1000,978,97.0a1,976,989,912,892,973,137 preview,970,951,963,1000,846,-,960,944,881,892,831
2021-12-29,98.0.4758.9 dev,993,985,978,1000,978,97.0a1,976,989,912,892,973,137 preview,971,951,963,1000,846,-,960,944,881,892,831
2021-12-30,98.0.4758.9 dev,993,985,978,1000,978,97.0a1,976,989,912,892,973,137 preview,971,951,963,1000,846,-,960,944,881,892,831
2021-12-31,98.0.4758.9 dev,993,985,978,1000,978,97.0a1,976,989,912,892,973,137 preview,971,951,963,1000,846,-,960,944,881,892,831
