sha,date,chrome-version,chrome,firefox-version,firefox,safari-version,safari
27406c9d238ac80c43bb62e87cd0305f59294527,2018-07-01,67.0.3396.99,396.0754404028353,61.0,1310.3255320706364,11.1,3662.3390179142434
6e559a60ecfa38ad6cc434911dd0995a63900db6,2018-07-04,67.0.3396.99,396.8296700301398,61.0,1314.614918000909,11.1,3658.7194551701605
6562ed003eebcd25d093ae52d68de28a0ae0d786,2018-07-05,67.0.3396.99,396.246327746083,61.0,1304.6891722396458,11.1,3656.3937368498273
9f00a60d91ba84e52dac35d6e08da2050774811d,2018-07-06,67.0.3396.99,398.4129944127497,61.0.1,1306.8139532811765,11.1,3651.6927779277803
15224088a20d1dfb8a85bfe907f3439abcd098c3,2018-07-07,67.0.3396.99,400.04467705385724,61.0.1,1310.206887357338,11.1,3663.3402752094553
7400064b74cfdd7c1a81d0de38e2846b44af77fc,2018-07-08,67.0.3396.99,397.17966107941635,61.0.1,1301.9008058263007,11.1,3652.9039005569675
172489943de49dde6b3aa9d5d5ce5e6cc3cbd6e9,2018-07-09,67.0.3396.99,398.72410552386077,61.0.1,1314.308251523878,11.1,3660.21119564131
d423033c8bc00a812698819d6fc22eb96c210d00,2018-07-10,67.0.3396.99,395.72708903845427,61.0.1,1304.0757960448436,11.1,3653.3446029329607
8fea122cf1ed5b392c86aae5e445e7553ad83deb,2018-07-11,67.0.3396.99,398.1440851462388,61.0.1,1302.6898347807696,11.1,3652.9774890043886
b7f4f1d1ea5708bfb7578090f19c75dcf21cbef2,2018-07-12,67.0.3396.99,398.8290691717978,61.0.1,1313.2664680046544,11.1,3654.515064208324
9e4a93afa661c4a6ecb39ce810fcc77d73cd6405,2018-07-13,67.0.3396.99,397.66382498023785,61.0.1,1317.5066787095209,11.1,3658.361137511128
255adeaa04cd95bb3ccb2ff8922885151f2dc882,2018-07-14,67.0.3396.99,400.4110529774659,61.0.1,1315.7971208956153,11.1,3661.790353085996
59fa23d519b9d6ef0892170ba86ef0b9aee6ad24,2018-07-15,67.0.3396.99,397.062335028748,61.0.1,1314.0359116458085,11.1,3663.0957061722593
f582e7ad3b06d37fa65957aa93dc62bf7429e803,2018-07-16,67.0.3396.99,399.24438631079926,61.0.1,1323.218451328348,11.1,3664.6155800591723
df5392444342a1c00422096a2febb9ceb0edf250,2018-07-17,67.0.3396.99,396.07771837345024,61.0.1,1321.411575581853,11.1,3658.2665989272305
085d47ef10ac636e73fe04e5c232046b329aa382,2018-07-18,67.0.3396.99,398.8706984755406,61.0.1,1310.9702099244923,11.1,3660.6644946753127
996712754849a80d37371f01e749b06d2a34a7fc,2018-07-19,67.0.3396.99,398.1163052117224,61.0.1,1316.7200371183646,11.1,3666.3695711302635
013e509d9a80f47443664a4db86a6fbb1176093c,2018-07-20,67.0.3396.99,402.79926990411207,61.0.1,1316.887085446631,11.1,3656.334596258833
20f298166ae152660df1f3ac17b3239f93dcb113,2018-07-21,67.0.3396.99,408.1149477456591,61.0.1,1314.3697988195202,11.1,3661.6184940003354
36711c4fbafa1d61edb0fca0669422ffcae3a0ce,2018-07-22,67.0.3396.99,404.563665694377,61.0.1,1322.6482074471712,11.1,3665.780937436443
a30e3abe5d345bae6e37ab022909e911614fa050,2018-07-23,67.0.3396.99,407.16329705343327,61.0.1,1320.0741692275117,11.1,3661.628428543625
f9cb1ddc13c35945ac40c6e93f9ae25887dbd811,2018-07-25,68.0.3440.75,481.6512999341222,61.0.1,1302.8109820700895,11.1,3680.185580564656
c54b4511852cd7acdb0aed4108f38487ab95418f,2018-07-26,68.0.3440.75,483.5355917130259,61.0.1,1301.4535608954575,11.1,3685.868303459639
a71bbf196f17d9da2fec0a3b842aa267dff9c8cb,2018-07-27,68.0.3440.75,483.9718577898671,61.0.1,1295.2662324159407,11.1,3681.0355074899426
ba4921d054808a44c2966507c19861ca729a76a2,2018-07-28,68.0.3440.75,480.1872424052517,61.0.1,1302.7064316144317,11.1,3675.229105311721
ba4921d054808a44c2966507c19861ca729a76a2,2018-07-29,68.0.3440.75,481.83596035396954,61.0.1,1297.1946449347943,11.1,3670.196666044932
d892efb842377ae0b73b39a0d0a80f0b9a998c8f,2018-07-30,68.0.3440.75,484.92334774135696,61.0.1,1295.1558523816973,11.1,3678.122883719503
8b48137d3999ede7ba459419a5d986abc0e2e184,2018-07-31,68.0.3440.75,486.60402742598257,61.0.1,1300.1321607296622,11.1,3675.3845996846458
4a15e98c1339681493dff207de2c69ea29efa602,2018-08-02,68.0.3440.84,487.42729522448025,61.0.1,1298.1884241858731,11.1,3686.485912937792
f6a31bd95542385975678941578b2460766d32ed,2018-08-03,68.0.3440.84,487.31242372224654,61.0.1,1302.8735013230846,11.1,3683.5985077569508
399997d1f10a529300cc20b5860e6db724b2b48f,2018-08-04,68.0.3440.84,484.9759497451975,61.0.1,1300.4986240251367,11.1,3699.3351766063925
a722b94497af955c474f592e55fefde86effd9b1,2018-08-05,68.0.3440.84,487.3096517194745,61.0.1,1295.0633656644306,11.1,3692.8607846033065
edb72456b7341d3dcc14323423a295261f67b25f,2018-08-06,68.0.3440.84,488.64298505280783,61.0.1,1294.92643732874,11.1,3697.367767903194
eea0b54014e970a2f94f1c35ec6e18ece76beb76,2018-08-07,68.0.3440.84,487.94561663175523,61.0.1,1299.3623991422921,11.1,3710.094509085516
c0a1bc68d7f463a0f7b8a318d3cdc2b56e2cc044,2018-08-16,68.0.3440.106,495.92141642535677,61.0.2,1318.959543654542,11.1,3714.1161658591536
203c34855f6871d6e55eaf7b55b50dad563f781f,2018-08-18,68.0.3440.106,495.6714164253568,61.0.2,1309.2801399313305,11.1,3708.4132647890883
6aef6676d2f95c29de17666cc70d61b517939fbf,2018-08-19,68.0.3440.106,494.8839994889897,61.0.2,1313.1714560691616,11.1,3713.401214997499
268ce53f61d5005c808df3991c5ae47844fe66d8,2018-09-01,68.0.3440.106,506.22792482952457,61.0.2,1332.8539793805462,11.1,3714.721188464083
3fd70a99bbed97c5b31e08a40162901c7355af7a,2018-09-02,68.0.3440.106,504.03991434509044,61.0.2,1337.0161839337627,11.1,3720.127777295321
3a58de991a53a5a358234a8ad4e3d7f8d733d34a,2018-09-03,68.0.3440.106,503.2732476784237,61.0.2,1336.1587277934118,11.1,3722.2872787049996
5051858e95936197d354cc18ea88365cb9d3e690,2018-09-16,69.0.3497.92,505.5902851670394,62.0,1334.60193615445,11.1,3777.0428735034134
7897f9d5beff624590d2fc254d2a7eca6e2b1e8f,2018-09-22,69.0.3497.100,489.883509922151,62.0.2,1099.8110351495015,11.1,3722.3810828298238
5d58e091e71aa3162fe9d0e40858351c8063ca08,2018-09-23,69.0.3497.100,486.9148977936865,62.0.2,1091.9728629723056,11.1,3738.125680448135
61efc6b6063091fba52e182bc332a5815de0765c,2018-09-24,69.0.3497.100,486.4614197298791,62.0.2,1106.387183625368,11.1,3724.3156847267464
b040cb2a07264d35b9f47cd9deb2fb2889fca6d4,2018-09-25,69.0.3497.100,497.78691454505116,62.0.2,1046.2506759824837,11.1,3849.2755355986214
59909759c4e16ea97804409f7612b7981662d48b,2018-09-26,69.0.3497.100,493.86107356645795,62.0.2,1070.4894858705572,11.1,3852.8320164952315
062aedcf8118716290f3f7167ad9922b416a518e,2018-09-27,69.0.3497.100,497.73646289047116,62.0.2,1070.9833264189595,11.1,3856.3934189879287
a6e260769e460e764af9a40a8691b0d31e5d3572,2018-09-28,69.0.3497.100,508.6708544248626,62.0.2,1074.6061971762067,11.1,3843.0450920713643
138337bf938623dbda7c90cbcab3e49aa8a52c0d,2018-09-29,69.0.3497.100,524.9384004961919,62.0.2,1353.0918092050256,11.1,3778.494823117171
2df7f9ff620cbdaa2928464892fb1dfb880fd6c6,2018-09-30,69.0.3497.100,516.8860936342745,62.0.2,1053.205873170285,11.1,3766.017835719867
ee2e69bfb1d44c4013a8ce94ca6932f86d63aa31,2018-10-01,69.0.3497.100,502.78169849237935,62.0.2,1073.1197595190401,11.1,3844.45451766465
67152fdecd6e7955f934a4aec9a15407cbcfa3ac,2018-10-02,69.0.3497.100,526.5118222961045,62.0.2,1356.7947673528479,11.1,3781.754676533309
fec3928f355e049657d19780aa4b412d9d3a714b,2018-10-03,69.0.3497.100,497.64993179846095,62.0.3,1092.0628497789046,11.1,3727.851691610241
e201d802a5cb75d4cf618b8f5e1efe0e34c4ba3b,2018-10-04,69.0.3497.100,484.7338429990131,62.0.3,1102.147072171662,11.1,3731.902842868174
b4c8ec5a1c8af91c237d80c380e178abe884a4d6,2018-10-05,69.0.3497.100,488.3912061492224,62.0.3,1100.1035680666737,11.1,3729.751644126984
c09b8005b27b62fa137414b387c5f6ec32e863b0,2018-10-06,69.0.3497.100,492.53073495260145,62.0.3,1064.8938282687493,11.1,3740.6227700690506
245cb5053c3a6152a0dd374d684d09a169dc18fe,2018-10-11,69.0.3497.100,679.3676125735025,62.0.3,1668.6199930288196,12.0.1,2825.460670593962
d647a1bc742a533186d8297cae2a2bee669c7780,2018-10-12,69.0.3497.100,679.4926125735025,62.0.3,1662.7158894974152,12.0.1,2829.356738962803
61720a8cda9b338f29afe0866428bb62196427b4,2018-10-13,69.0.3497.100,653.7381931737342,62.0.3,1304.4404835547484,12.0.1,2788.56767310637
74d709131e3c91d09f1708378648a01957c47b38,2018-10-14,69.0.3497.100,652.9035120344101,62.0.3,1290.832023588873,12.0.1,2791.7821836199923
937ed3c7b19bc4822a4909b2a8429a34c24a293a,2018-10-15,69.0.3497.100,680.526541144931,62.0.3,1666.7676051836897,12.0.1,2825.5712170605584
99e577f57cbd9014f7576846bc6ad0c39db2ca15,2018-10-16,69.0.3497.100,646.6933988871491,62.0.3,1293.821754145099,12.0.1,2741.0083686171492
4f2038853851cb7c58986bc0c93478efa9ce1a62,2018-10-17,70.0.3538.67,580.7162336835689,62.0.3,1324.6856051787154,12.0.1,2759.2872566348237
5acd3bcf6609691afc493aed8cb4446e8dc796ee,2018-10-18,70.0.3538.67,575.8080913578522,62.0.3,1308.8989470934378,12.0.1,2760.261202260756
168de7c3328f9f7553993a5aae5ccd1bc1e748f5,2018-10-19,70.0.3538.67,577.1535020687938,62.0.3,1300.8931611579076,12.0.1,2758.538675800166
d44bc3ed386ca3e3d387ee6ca4ff3fbc00838672,2018-10-20,70.0.3538.67,481.8378855355758,62.0.3,1014.0597651275411,11.1,3782.4462426256205
2ed748f10d71ebabe08dd642fd8d2745bef8a6c4,2018-10-21,70.0.3538.67,480.8809717689142,62.0.3,1016.3260638043662,11.1,3785.948952800515
3dbc08a98225021b57e6d2dd70eec6081bcee6b0,2018-10-22,70.0.3538.67,566.3278148305337,62.0.3,1315.4795668843465,12.0.1,2778.126650100126
f3e2b413499b3b2a9e6ff51c08ca9f0744c51139,2018-10-24,70.0.3538.67,606.009608259968,63.0,1142.7230012345149,12.0.1,2937.181452507634
09a1d43536a9c7fad387f92c911745a141b38ed1,2018-10-25,70.0.3538.77,604.9536862074777,63.0,1143.764581435016,12.0.1,2937.953287900567
f5832ccdb3c303d03565d391ed7ce3bf9719f5c1,2018-10-26,70.0.3538.77,632.5385937402436,63.0,1116.88479378066,12.0.1,2966.311573976191
b622fea47d516f82e303c1954d0aee2652466c80,2018-10-27,70.0.3538.77,605.0627418693148,63.0,1127.666829828694,12.0.1,2933.1779414103867
71c05e71317fec5f71d5575cd636b0a8e3835f9c,2018-10-28,70.0.3538.77,606.9893824731179,63.0,1147.8705657814703,12.0.1,2932.504175097963
66aabf66f58aee669c26df6e67f85fbc6d3aaf9f,2018-10-29,70.0.3538.77,602.8460382770214,63.0,1138.3482475057237,12.0.1,2931.8998040458396
0cc29e423fd0785b5f906a903d9010519595a4ac,2018-10-30,70.0.3538.77,604.261671466805,63.0,1133.2903506857003,12.0.1,2935.065386280984
75b0f336c50105c6fea47ad253d57219dfa744d3,2018-10-31,70.0.3538.77,606.1759804645836,63.0,1136.0457289103579,12.0.1,2947.7700739757543
8295368c82194ac6c1443571bdd57b464bfc55b4,2018-11-01,70.0.3538.77,630.3388161695514,63.0.1,1128.104583888893,12.0.1,2975.608392963026
5d4871b4b8b5f5c489ddab276d68e952a5babb85,2018-11-02,70.0.3538.77,633.8916841751717,63.0.1,1138.4132305503538,12.0.1,2977.0515318240036
c583bcd7eb30f38cb2d673031cde245776f1da5a,2018-11-03,70.0.3538.77,608.9655477733177,63.0.1,1143.412610062324,12.0.1,2945.6215025622223
6e9693d2690e0648fb9a1bd902af7cc078f28515,2018-11-04,70.0.3538.77,608.5837303130003,63.0.1,1135.3332514092256,12.0.1,2945.348164528605
064f51c50eab34723ef435e80188bde08f718c2c,2018-11-05,70.0.3538.77,609.7343989919259,63.0.1,1147.7117739306066,12.0.1,2944.1531364553466
71fe0a6c3d286faafc6c5c9849d7f28d2f14ee20,2018-11-07,70.0.3538.77,609.4947755331041,63.0.1,1127.261999769973,12.0.1,2943.662869416913
349d41838068164e37a1cbd1c8c6ffeba4c72177,2018-11-08,70.0.3538.77,610.1478435036719,63.0.1,1139.9870986155718,12.0.1,2947.979741553863
a516e7edca11e2efe462d2bfc83b5b88dd9f4072,2018-11-09,70.0.3538.77,636.0472785940386,63.0.1,1129.189683214617,12.0.1,2974.465837530089
a0610cf468e6208e74b2cfda77a565ab90fbd74e,2018-11-10,70.0.3538.102,611.0607673712149,63.0.1,1141.0369145187904,12.0.1,2948.7397538598734
abc39b85889509a3d101fd70f930e6f2f2776a4e,2018-11-11,70.0.3538.102,661.1719237159872,63.0.1,1153.2954624041106,12.0.1,2982.838327553193
89188af97522b15cfe7ab6cc1c9cdb58007f0967,2018-11-13,70.0.3538.102,660.7993290134712,63.0.1,1129.8867742502582,12.0.1,2985.050567638756
7201104211385809c4c53914834f7fe5c7a8b425,2018-11-14,70.0.3538.102,636.2308035346128,63.0.1,1144.7514931774322,12.0.1,2985.8240974981677
6856483bcc86322198f10e0c42385a7f9127eb66,2018-11-15,70.0.3538.102,637.6057237897962,63.0.1,1131.7070438350786,12.0.1,2986.6311189921516
b4c61af0f410976b96279df7f75715091619057d,2018-11-16,70.0.3538.102,638.6825262433598,63.0.3,1133.9788078089907,12.0.1,2984.1243017319784
c1faeb4eb5346a6bcaeb3f406136cb0bfd68d7b5,2018-11-20,70.0.3538.110,639.6599181134419,63.0.3,1158.2799356285393,12.0.1,2982.523556259376
e340f910d3652a059fde65ac0d026df1a003a7be,2018-11-21,70.0.3538.110,642.592632442419,63.0.3,1163.5389631932749,12.0.1,2999.840931574797
fe0e2ce1f30ee67ed4c3be7ae420d49b48bc5749,2018-11-22,70.0.3538.110,671.9095877093743,63.0.3,1142.9366699350267,12.0.1,3028.408991775432
40e50ecff750feff8e62dc98a72e9bca3a8c94cf,2018-11-24,70.0.3538.110,645.059789305164,63.0.3,1151.778835048635,12.0.1,2998.4663977752634
732cc9161d1302127fd4b99a50c13bdff7e253ce,2018-11-25,70.0.3538.110,674.5601861305609,63.0.3,1136.825412418181,12.0.1,3026.225964573276
e94ae4b34ee6fa3b7d608a011818f34757193725,2018-11-26,70.0.3538.110,674.1760118186343,63.0.3,1150.0253197023615,12.0.1,3030.706756111798
58523789a079f6b330c37247e035f76371dd1204,2018-11-27,70.0.3538.110,673.2871229297454,63.0.3,1148.3462457515143,12.0.1,3027.0156669962353
09972ca7bd566c05f4451b5dda4678e28850a563,2018-11-28,70.0.3538.110,650.057849135165,63.0.3,1175.67106737065,12.0.1,2997.0151709521824
38ba0516aac49af3e3cd971038266393aa0e107e,2018-11-29,70.0.3538.110,647.6670234470917,63.0.3,1166.6646504136233,12.0.1,3003.6235132683196
00942a1ab7ce9e859adbdc45ea0551090a9a403d,2018-11-30,70.0.3538.110,646.737798094979,63.0.3,1155.0237394386336,12.0.1,3008.0533473426276
d50692144c7e9f0835bcac87ed23f21a154fd382,2018-12-01,70.0.3538.110,647.7233131647046,63.0.3,1168.858044894959,12.0.1,3007.127704594634
ef72a20e3dbb89e06df6d193294aed9361f4ad42,2018-12-04,70.0.3538.110,676.3288687202601,63.0.3,1163.488246262219,12.0.1,3040.0552021146195
614fd870e47c9f4e76291e5af4e32b676c0acac0,2018-12-05,71.0.3578.80,620.4515286684457,63.0.3,1165.4522000775191,12.0.1,3057.734478646124
093a97b6ecc6484c201d704d38b47bef1964d59d,2018-12-06,71.0.3578.80,629.7162300178946,63.0.3,1182.4020643214624,12.0.1,3059.2045320409807
ffcb833670935c1806abf2fc3e5c7ba022c32f1f,2018-12-07,71.0.3578.80,618.7193858113029,63.0.3,1186.6658789128082,12.0.1,3063.831280414961
6087baf4a83e7953112242be9fd6e719797ebdf6,2018-12-08,71.0.3578.80,628.6343329012498,63.0.3,1177.0609177408792,12.0.1,3061.788885603619
5349c6a6327372f856ecbe07d863d468a4236726,2018-12-09,71.0.3578.80,620.5943858113029,63.0.3,1194.4976006489708,12.0.1,3063.449446401159
2d5385793ade85b7268ee86db4535a1baeb508ab,2018-12-10,71.0.3578.80,653.1451982718629,63.0.3,1160.8237065681049,12.0.1,3104.0064198174114
48d5d5033d2f634125d0ae2dd494d68f8d01de79,2018-12-12,71.0.3578.80,633.0718070654643,64.0,1080.2368086850006,12.0.1,3194.815899041825
e75e7b667c75aabc4569b46d902b81d40d9b8e44,2018-12-14,71.0.3578.98,622.1291843692161,64.0,1073.870719829037,12.0.1,3139.8701404693848
e183d8671bde035c7a0168a75119a5f80bd592cb,2018-12-15,71.0.3578.98,640.3946826251915,64.0,1088.4870350929582,12.0.1,3194.1662809166255
4094d6ae8bba520103ebe4df08c60ea3f24a2fa4,2018-12-16,71.0.3578.98,634.2384737321311,64.0,1085.65731909293,12.0.1,3197.6853397940945
11971ac2161859001b861630338c0e47fee1b59a,2018-12-17,71.0.3578.98,635.2575490341568,64.0,1087.3389367399886,12.0.1,3199.954529396541
691e737caf050c5aac0f9675409d73238a3f55d2,2018-12-18,71.0.3578.98,634.4738778098914,64.0,1083.2440931928138,12.0.1,3196.437851241153
38c37851c8f82b4c909851aef02a71d8301d7922,2018-12-19,71.0.3578.98,655.5150854040402,64.0,1094.2115075486072,12.0.1,3219.0981486867977
e7517084404fca126c4f89eb69217206689adf17,2018-12-24,71.0.3578.98,635.8766359428475,64.0,1069.1709269442852,12.0.1,3202.61332699811
a357943a203d0d587a30c9aa41c4772a0500ff79,2018-12-25,71.0.3578.98,640.7094124926737,64.0,1093.3030425196087,12.0.1,3199.265476314377
64bd43ee19cc4667e4a3020c5894af7dbe68f5cc,2018-12-26,71.0.3578.98,641.7341667521756,64.0,1093.8980900897816,12.0.1,3201.798759559377
e9174d402d5e0be1e5f13f4ff0d10b4d4204d164,2018-12-27,71.0.3578.98,644.8360156502645,64.0,1081.3280722595166,12.0.1,3227.180402441032
a1cc8c0bda2dc784ab07a34473c8f27d4bad7518,2018-12-28,71.0.3578.98,659.1965967241646,64.0,1084.0507172750508,12.0.1,3235.2596988287655
0445e8c3f3c646bf19771b643ce96d633f9ceba0,2018-12-29,71.0.3578.98,648.838872227638,64.0,1095.3994313427202,12.0.1,3260.454417930807
4dbc8a0d7b1b1c032aaddc2579ec7239ad565127,2018-12-30,71.0.3578.98,641.3872636111189,64.0,1072.6971267852375,12.0.1,3268.3184827197965
4dbc8a0d7b1b1c032aaddc2579ec7239ad565127,2018-12-31,71.0.3578.98,643.1181883090933,64.0,1093.1833278648598,12.0.1,3266.6404398562263
75bc93d7d93eb39a83b4f862872976858d9cb0e2,2019-01-01,71.0.3578.98,641.8674616309208,64.0,1094.6659979547187,12.0.1,3266.3814939372137
2e3e80c3b4c3652ff7a1be9118665bbd6d3b9ae7,2019-01-02,71.0.3578.98,642.8674616309208,64.0,1106.1659979547187,12.0.1,3265.610148539493
4e6563687b9c03d2f54ce0f06ef0ccc8e0964328,2019-01-03,71.0.3578.98,641.1551403987977,64.0,1096.6381524262636,12.0.1,3268.0344137052216
71e901cf4534417abfabe4d77a317817f5cc09db,2019-01-04,71.0.3578.98,644.6459660868711,64.0,1086.4104357687938,12.0.1,3261.8909002911305
ac12b3e9488edb436f063b11213e954ae62d5a5e,2019-01-31,72.0.3626.81,612.2235827814665,65.0,1018.7411683076401,12.0.1,3449.9800743185165
9d402a0e8eb9cd11acd615c6e653e27b7ace0d32,2019-02-01,72.0.3626.81,613.4645311538732,65.0,1008.4226744451536,12.0.1,3448.1092652287575
0f0b7a7e353421b600ee555bf354d3a98bb603ae,2019-02-02,72.0.3626.81,608.9233220537457,65.0,1039.4856224391888,12.0.1,3453.6092610621577
78c15447152438264b49f4488683f60ee47d068f,2019-02-03,72.0.3626.81,609.0733220537456,65.0,1030.7475272010936,12.0.1,3456.1777134451795
18c828feb81aa835e7c9359ae64726d872db6ed4,2019-02-04,72.0.3626.81,609.7122109426346,65.0,1033.2475272010934,12.0.1,3456.001204590264
8f48bdf1101b19e416f2f6ccd289aaff6b706af6,2019-02-05,72.0.3626.81,611.7305595664877,65.0,1030.1662334947998,12.0.1,3453.5015603530796
3bbb55915a04548e70c63b7c143a83e0e9d3c5e7,2019-04-02,73.0.3683.86,628.7383567336253,66.0.2,817.184410603543,12.0.1,3712.1101095098666
adc473fd8ff15c3cf48011f0ce6ce83e740d978a,2019-04-03,73.0.3683.86,629.7969358074567,66.0.2,815.3940880228979,12.0.1,3712.5442173905176
b8669365b81965f5400d6b13a7783415b44e679d,2019-04-04,73.0.3683.86,632.5901835832465,66.0.2,819.6397677464001,12.0.1,3722.417033874876
055bf244474e8b0f0302555f41d9723e34dfde19,2019-04-05,73.0.3683.103,629.6786283189389,66.0.2,815.6423023086122,12.0.1,3713.402720151773
4688078c2cc6e81651b220f3c1944d956f63046b,2019-04-06,73.0.3683.103,628.7271851349363,66.0.2,817.1798009014723,12.0.1,3710.072601516449
923923a01f38577f471b1e613c4223a21ac027ff,2019-04-07,73.0.3683.103,628.6016936539403,66.0.2,820.6819587436302,12.0.1,3720.643325425568
2221fe343f0f4cb4e4e382bfd43bc8b1e69a98ba,2019-04-08,73.0.3683.103,628.5926613254125,66.0.2,817.9653340647129,12.0.1,3702.6750844850603
72e71b28b6b46aa05e9cd8df34f6cc5ee3205af8,2019-04-09,73.0.3683.103,628.459417231176,66.0.2,817.8939590433567,12.0.1,3666.126487726718
38f02ed8bb05f69ab4b061d17220f8f46709a0a3,2019-04-10,73.0.3683.103,631.7855039502673,66.0.2,820.8939590433567,12.0.1,3661.36291272289
204c508cf54896d817a9244a9fd17eb2a2a236c1,2019-04-11,73.0.3683.103,630.201924876436,66.0.3,817.5598913800995,12.0.1,3664.0650900187393
386d27678c48bf468b8d374e2ba718e32185a5b7,2019-04-12,73.0.3683.103,630.3511391621502,66.0.3,819.3182101954305,12.0.1,3663.196349070218
33385dab3a8948970e657c02306fb862f83c84c8,2019-04-13,73.0.3683.103,628.9876391621502,66.0.3,819.3558638052614,12.0.1,3662.0585478763805
3efff9b2d66aed3d8e2061205069883fd54df2be,2019-04-14,73.0.3683.103,631.274543924055,66.0.3,819.9911433426307,12.0.1,3665.2490342230726
1a9adfc150fb7e048e24f5a2e2f97ba7df340752,2019-04-15,73.0.3683.103,621.1457514144391,66.0.3,898.0870213649307,12.1 (13607.1.40.1.5),3511.9371840652925
fd0429f0b45f975b25d85256dac33762134952c5,2019-04-16,73.0.3683.103,629.047162971674,66.0.3,821.5547428294631,12.0.1,3665.6229513815188
85e8612e81c8b478c8cac7260436646e48d3f7ae,2019-04-17,73.0.3683.103,629.792833967345,66.0.3,818.0182081276057,12.0.1,3668.5744035720895
20424e735a5e6ac7a474ae35d86c714272aea0e8,2019-04-18,73.0.3683.103,627.3502225649859,66.0.3,815.8145235594857,12.0.1,3660.179689161158
4657e102531b29ebfbf73b547693288c51c8b8c0,2019-04-19,73.0.3683.103,620.2019209100141,66.0.3,897.5192890971985,12.1 (13607.1.40.1.5),3510.6725646037257
4657e102531b29ebfbf73b547693288c51c8b8c0,2019-04-20,73.0.3683.103,629.9212656842273,66.0.3,817.1303314075517,12.0.1,3666.214490455606
1e92c65f6c2515ca653393d297abf1ac82130577,2019-04-21,73.0.3683.103,629.7030590437729,66.0.3,818.7644135888113,12.0.1,3666.337027901389
8f35eec39a68b77c04b4dbe1f108e4fd86ad7afc,2019-04-22,73.0.3683.103,628.9324714509376,66.0.3,819.9110673382875,12.0.1,3668.772124793744
83d93704f0cb36dd9fa3f45dd3e4b34990e934e6,2019-04-23,73.0.3683.103,665.3708775459039,66.0.3,860.9671342072575,12.0.1,3679.403528286476
7a7e16ad8d1a1b843340f47101c0a5c24c9bba57,2019-04-24,74.0.3729.108,583.7795906185106,66.0.3,854.8390472800313,12.1 (13607.1.40.1.5),3551.818293629231
5fbf8edf24694293d08ecc5f110c527a897d0150,2019-04-25,74.0.3729.108,585.0674235592165,66.0.3,857.0439782890373,12.1 (13607.1.40.1.5),3551.7946353878306
d3cf77a7b8c20c678b725238eaa8a72eca3787ae,2019-04-26,74.0.3729.108,584.2895511258395,66.0.3,866.8093908417947,12.1 (13607.1.40.1.5),3538.0008371554495
4accec3d14ccdc7b170017c0df299b954019f06f,2019-04-27,74.0.3729.108,613.4507143407496,66.0.3,831.1936055396092,12.0.1,3686.7473792312685
301ce26e6c4fdc9c7b04dc86e009835662519c37,2019-04-28,74.0.3729.108,585.1199082686966,66.0.3,866.0845444516257,12.1 (13607.1.40.1.5),3539.180490606395
3b0853b41cdb88c713f2ac3636f5b69c14b31d49,2019-04-29,74.0.3729.108,611.020430186919,66.0.3,831.5530824332703,12.0.1,3691.53525028505
d73b07b850fa51f23e846518bb6e8c59c58eef19,2019-04-30,74.0.3729.108,615.1588061795179,66.0.3,831.4789577221972,12.0.1,3688.5317532499153
c3e967c8c2626478c3942df0cb5c07c1460beb41,2019-05-01,74.0.3729.131,615.2900043009682,66.0.3,832.5295616881236,12.0.1,3690.781871993684
855f4545b0d40e6176711f115193481bab3c599f,2019-05-02,74.0.3729.131,615.3522585604703,66.0.3,834.9267391074785,12.0.1,3692.0664952153907
a5cf7dfe7652fc143b9a1c3100e893097d17ef01,2019-05-03,74.0.3729.131,615.2183299890416,66.0.3,834.9892391074785,12.0.1,3689.1521262377837
36bd2b98bf59a2e9644d65ab2c7a49abf311911f,2019-05-04,74.0.3729.131,618.5110696245335,66.0.3,835.3597589370637,12.0.1,3690.3363176216276
6ada53a180e4f4d07111ff11a3bf37a8de6ac3d9,2019-05-05,74.0.3729.131,615.4039267673907,66.0.3,835.4444363564186,12.0.1,3691.8609515971057
cff57ca49eccc9be2499a1993e3e9ee7d0e35503,2019-05-07,74.0.3729.131,619.2396298003415,66.0.4,835.6292186440234,12.0.1,3694.022971566383
36b5d2e074d7fe19c027c1659640c53212096b53,2019-05-08,74.0.3729.131,619.4262888217482,66.0.5,837.6115570987466,12.0.1,3696.557732288382
4daa4a007ad3512b841bd8d9ca2bf8d589ba7096,2019-05-09,74.0.3729.131,619.8830206628728,66.0.5,836.1865537760287,12.0.1,3701.0957463983955
f3248c35c979b8d4a2f3ad7faa028e0d2667044a,2019-05-10,74.0.3729.131,619.9901635200157,66.0.5,836.0888659659807,12.0.1,3697.80161678853
ce08475d48507109756fab44dbea70eeb2ab171f,2019-05-11,74.0.3729.131,619.9755283081328,66.0.5,840.1900564421711,12.0.1,3700.09877671726
0c79d0d99c720f679fa089374971778e461e6662,2019-05-12,74.0.3729.131,620.0496873295396,66.0.5,843.3975760193681,12.0.1,3699.3926871392264
230bfb8583f71ec71dd2a55917829f431e58a3cf,2019-05-13,74.0.3729.131,621.6751788105356,66.0.5,839.5388659659806,12.0.1,3698.761322396709
24278ab61781de72ed363b866ae6b50b86822b27,2019-05-14,74.0.3729.131,623.323742593847,66.0.5,843.3015195758118,12.0.1,3697.0832117114946
453c1f5a4935c6b76ec60f534ae9a1018a1c3781,2019-05-15,74.0.3729.157,623.4993378319422,66.0.5,849.5456088763532,12.0.1,3702.2460571173065
e8b0b32310adb69c925b204fa559c8d6cbe06e31,2019-05-16,74.0.3729.157,624.6138609664436,66.0.5,946.9267910759079,12.0.1,3691.3779117419444
2baa3391fc18cd58b1c2af8dbbbc2a18936c23b4,2019-05-17,74.0.3729.157,625.6852895378721,66.0.5,957.8448942158836,12.0.1,3694.715541988877
e90af5ab4b2018bc2635e3e3589b89fc7235eb5e,2019-05-18,74.0.3729.157,623.040051442634,66.0.5,866.4194741283084,12.0.1,3713.387233672561
9f7c5d9b42a284ac5448891b10985b15444cc3a4,2019-05-19,74.0.3729.157,625.8230352783703,66.0.5,866.6919395660964,12.0.1,3707.295930669043
6777c592f4895dc043a8a3f25974fcc83e8cb598,2019-05-20,74.0.3729.157,625.1563686117036,66.0.5,868.7365870154213,12.0.1,3708.395677745156
b37f920d7ae000db89e08daa16a82d0dda1bacef,2019-05-21,74.0.3729.157,626.9329085854911,66.0.5,869.6945433420404,12.0.1,3710.4448442594125
e9b2f877b4333b51cd309a9d5ba6cbbab6b5b173,2019-05-22,74.0.3729.169,630.8767838009005,67.0,825.6030495299447,12.0.1,3728.2022688013026
6ff40879619f05621e66a3913ab11723d65ef05f,2019-05-23,74.0.3729.169,632.3976171342338,67.0,825.0968786309513,12.0.1,3734.206839748753
512a587ab7eef3cfe1d3ebee1a672ce108bd7975,2019-05-25,74.0.3729.169,630.6384428223072,67.0,826.3872012115964,12.0.1,3734.085462741675
549968e3d92c4f5bcc1d7a665ba620fb47b1336d,2019-05-26,74.0.3729.169,630.3289190127832,67.0,836.1383916877869,12.0.1,3723.9604052135505
a4df0fa7be958c11e80caf57fd36c935d11a2a34,2019-05-27,74.0.3729.169,630.9809504675671,67.0,827.1566626400103,12.0.1,3733.2311670448385
dfea0b6184416833fe6114d652dc0cd115645cb7,2019-05-28,74.0.3729.169,630.3003178712345,67.0,830.0485066072594,12.0.1,3732.1970685071665
3160ff63375b5e2522c4804dd3ddc8732a288d60,2019-05-29,74.0.3729.169,632.1090953577643,67.0,831.6367154951457,12.0.1,3731.689365831196
4b7986331d2e2ee1e63ed42e392d36946904327c,2019-05-30,74.0.3729.169,631.9716991148633,67.0,832.2379059713363,12.0.1,3736.0794827194645
1a853e011a7ee51b9c3d21214dc2f11f661f0b71,2019-05-31,74.0.3729.169,633.4350690782334,67.0,830.1353714091242,12.0.1,3734.6456737470417
0230c92b64304a56546804610a8e87cff486bf4f,2019-06-01,74.0.3729.169,633.6404262210904,67.0,832.3828820903097,12.0.1,3738.2737372860097
14a5a020a8656b02ea8ecb0ce5249c63135b5c6d,2019-06-02,74.0.3729.169,602.4755640391193,67.0,870.254253139969,12.1 (13607.1.40.1.5),3578.3095480872294
87fea094d82bac92f1ab5585aca19a785f841c23,2019-06-04,74.0.3729.169,604.0635799121352,67.0,869.8098333930492,12.1 (13607.1.40.1.5),3577.328383599322
c027c41a085a874404922c638387c97df74b4ebf,2019-06-05,75.0.3770.80,590.9772863305667,67.0.1,869.368852375444,12.1 (13607.1.40.1.5),3633.1559947372584
6a9b97ac6d224b2a4d238d1fe1a7f61e70888970,2019-06-06,75.0.3770.80,593.3197939758268,67.0.1,872.7702860672002,12.1.1 (13607.2.6.1.2),3626.916730483292
e646125ea5608cdf3f8a95a3b4fec7acdabefd5b,2019-06-08,75.0.3770.80,592.8992593833539,67.0.1,872.9776268498078,12.1.1 (13607.2.6.1.2),3631.036243673625
e7b1c6eb7d9a419fa441dad5241ce7c54a73c284,2019-06-09,75.0.3770.80,622.5889231526265,67.0.1,836.4438326653426,12.0.1,3802.505172352585
e360ebb2f9363b2a31d813b8c77c69b6bb52fc86,2019-06-10,75.0.3770.80,621.9817802954836,67.0.1,835.15255771479,12.0.1,3803.142468164366
98e7dd165abaa328e9a95800f2be3635896d9f05,2019-06-11,75.0.3770.80,622.4451208989008,67.0.1,837.1208435535509,12.0.1,3804.496771126309
eb12be23e4b86154ea3822fa8d048f4cce43ab55,2019-06-13,75.0.3770.80,623.6594066131865,67.0.2,841.7263991091065,12.0.1,3815.2529983651893
9bb8217b7e6e5a2174522159bebc42fe4e401107,2019-06-14,75.0.3770.90,622.2427399465198,67.0.2,842.2030291457364,12.0.1,3814.623659676355
aabf9f66668fda2ee496129a624d215213bc7bd9,2019-06-15,75.0.3770.90,625.778454232234,67.0.2,844.6153484820109,12.0.1,3813.63788623471
4100d1d51b885185c50902397f7d203d89efc24c,2019-06-16,75.0.3770.90,624.9927399465198,67.0.2,843.4963008629635,12.0.1,3813.640103080046
4be1e7e7b78712303076819ef8a6b3f055ebbb3c,2019-06-18,75.0.3770.90,627.370961877494,67.0.2,844.6635203212277,12.0.1,3813.0286210758113
b6c9dcc49399713645c3b956289accc4f76a0792,2019-06-19,75.0.3770.100,626.0050733577893,67.0.3,842.4524763541389,12.0.1,3811.3842014049364
43ef8451989ca9be29d55ca88cb80a1ab90030a1,2019-06-20,75.0.3770.100,626.5979305006465,67.0.3,840.9135203212277,12.0.1,3812.910530893668
9c6304b71c5ee090ebc1eef02ab32b70444d9704,2019-06-21,75.0.3770.100,596.2916000647069,67.0.4,884.3781185517017,12.1.1 (13607.2.6.1.2),3634.835751757179
47b08c15495e05fa73e243736742851109198af1,2019-06-22,75.0.3770.100,595.7225524456594,67.0.4,884.30360930856,12.1.1 (13607.2.6.1.2),3634.8510614644188
59d66218e856ee8365dd6edb4dfb6b13b96cc711,2019-06-25,75.0.3770.100,597.4477544570888,67.0.4,886.1207429179225,12.1.1 (13607.2.6.1.2),3642.4909508488327
66dc9c93f2c8ebd7c8fdc28fae20d92713c97806,2019-06-26,75.0.3770.100,596.6025076340194,67.0.4,888.7636000607796,12.1.1 (13607.2.6.1.2),3641.2124605772865
b8cdc9bf2f140359cc60c30241675461e6a0a71a,2019-08-23,76.0.3809.100,560.1595701950688,68.0.2,919.5273115644524,12.1.2 (13607.3.10),3944.452482329533
449d483adbc38cb77e07da93bf871f6f9a5db803,2019-08-24,76.0.3809.100,560.945284480783,68.0.2,923.7278905553538,12.1.2 (13607.3.10),3946.671211784533
009615cf4448b4e634ac91e24b20392898a0b17d,2019-08-25,76.0.3809.100,561.7878770733756,68.0.2,923.8757947479355,12.1.2 (13607.3.10),3944.0776639676433
5bb0fcbe1a11bf500f4e2d0d84bd351544828f21,2019-08-27,76.0.3809.132,549.9199690866576,68.0.2,1101.702713669982,12.1.2 (13607.3.10),3907.394111980895
b690813a7231b0891fed00e7397b441b58ef0cb8,2019-08-28,76.0.3809.132,549.4223500390384,68.0.2,1104.837460589729,12.1.2 (13607.3.10),3904.6849131891654
cb808982deeb57212fb856858c1a7716d0ac2ecb,2019-08-30,76.0.3809.132,552.4200031011839,68.0.2,1109.674797749946,12.1.2 (13607.3.10),3914.47838561091
c34b04b97e387dd3aa8cdd6a390731d947a76e77,2019-08-31,76.0.3809.132,548.7285098629965,68.0.2,1120.8846536350857,12.1.2 (13607.3.10),3900.6009370669794
8509904597cfaa936f973569b9b7d8843787a3b6,2019-09-01,76.0.3809.132,552.9255702743254,68.0.2,1119.3980365225173,12.1.2 (13607.3.10),3914.561140435992
629e3ba6a9e50c2fadef93e7dece7fff1711e824,2019-09-02,76.0.3809.132,553.4255702743254,68.0.2,1118.6862012610047,12.1.2 (13607.3.10),3913.118708190818
ae967821569a513a3136705a9f322a9b22b2e641,2019-09-03,76.0.3809.132,560.4700691850009,68.0.2,1121.3480813253846,12.1.2 (13607.3.10),3915.5299400267877
08e6411a9cb36e4e7987d24ddb31e1d62690e1cb,2019-09-04,76.0.3809.132,564.2453575412093,69.0,1017.8724090018377,12.1.2 (13607.3.10),4134.92630488002
7561b155e100d0db088c9185457eb611313f6807,2019-09-05,76.0.3809.132,563.2210850626989,69.0,1001.1140756685043,12.1.2 (13607.3.10),4145.454444459305
820f0f86047e6e26401e028fb6d0da43c84e6aab,2019-09-08,76.0.3809.132,566.6777383662221,69.0,963.9109944360114,12.1.2 (13607.3.10),4231.6858364351965
07f11952d51b9e7dc915d797bfc2cdb6d97be316,2019-09-10,76.0.3809.132,565.1122577479892,69.0,966.0817169655145,12.1.2 (13607.3.10),4227.86738217028
305ef9380c25d2a0262e38499d9e501aa61ee201,2019-09-12,77.0.3865.75,543.4049761461869,69.0,1005.2754263001827,12.1.2 (13607.3.10),4290.175787842246
b1cd3ae6f6d814102f128ec2fb39850bdd87e3bd,2019-09-13,77.0.3865.75,545.2736574648683,69.0,1002.7732684580249,12.1.2 (13607.3.10),4287.242035350091
bf42dca1ce568ce559d5a4cad507239035b91dcb,2019-09-15,77.0.3865.75,546.0552031414481,69.0,1005.8528336705567,12.1.2 (13607.3.10),4291.743005282358
3472889e27404a9b3c893845156848a0c5fbda9b,2019-09-18,77.0.3865.75,569.2577489461092,69.0,1006.8416838939979,12.1.2 (13607.3.10),4292.627414700797
b52533c5a60cbd0902dc19d325ab1eb594b59138,2019-09-19,77.0.3865.90,571.3120967721961,69.0.1,1009.0097438880678,12.1.2 (13607.3.10),4289.279531628495
6d3088b17a01314dde58a11a7ba0a99e33375e1a,2019-09-20,77.0.3865.90,575.8597158198153,69.0.1,1003.5075860459099,12.1.2 (13607.3.10),4291.057670699558
fc9345bfbab209fbb22d77ebdd7f7a604c4e4482,2019-09-21,77.0.3865.90,575.7195891269363,69.0.1,1005.5597438880677,12.1.2 (13607.3.10),4295.2292865313175
42b4a3fa60fdc4cbb622e3196ed89c4bfae32737,2019-09-22,77.0.3865.90,573.8862557936029,69.0.1,1004.5097438880678,12.1.2 (13607.3.10),4292.326908659445
2478ed1b80bce8204980baf73977bdcc1a609f93,2019-09-24,77.0.3865.90,576.8120967721962,69.0.1,1005.6626742909982,12.1.2 (13607.3.10),4293.97406463109
e7b232f535cf1ebd0026bd66d1ff3bf096744862,2019-09-25,77.0.3865.90,580.3515682199726,69.0.1,1005.5562413716477,12.1.2 (13607.3.10),4272.399711124667
d3a712a2efa2e0eb4c00aee22aef878e1cb845ac,2019-09-26,77.0.3865.90,582.297355948683,69.0.1,1003.4348440829415,12.1.2 (13607.3.10),4273.099316871005
306955e5cfb8dfac801f568ee5aa5356a1b81f7d,2019-09-27,77.0.3865.90,580.6935611767882,69.0.1,1005.7614343158585,12.1.2 (13607.3.10),4269.638373882234
4ab3cef83d73c2b6dd3616e0fe9165b3a6eed808,2019-09-28,77.0.3865.90,580.6456378763461,69.0.1,1007.7616228357513,12.1.2 (13607.3.10),4273.116815314079
68abc3a55e4dcca5a5fc18c778619af0dee25d77,2019-09-30,77.0.3865.90,578.4194474001556,69.0.1,1006.4626759493043,12.1.2 (13607.3.10),4270.937741787109
81b79d799e8f87639725ef965ac16b436b7498bb,2019-10-02,77.0.3865.90,586.7227326351547,69.0.1,1006.0949561690846,12.1.2 (13607.3.10),4276.948483255091
c2eb1ace567d212e6faf0fd0a0f3ba97e46c0af7,2019-10-03,77.0.3865.90,587.3563305187525,69.0.1,1006.1449561690845,12.1.2 (13607.3.10),4279.084586833552
7cbaaf651d784a5c90fde0ff0b1aa6c029c5f2f3,2019-10-04,77.0.3865.90,591.8411995341093,69.0.2,1006.9677983269266,12.1.2 (13607.3.10),4275.595704354708
585aa49b4085875142e37fb10398c2d3dee122f9,2019-10-05,77.0.3865.90,590.1745328674426,69.0.2,1005.8032895024179,12.1.2 (13607.3.10),4280.085234369678
daac9dc806e9571ea856253fcc35a94e73d4f711,2019-10-06,77.0.3865.90,590.4113749727059,69.0.2,1006.093170454799,12.1.2 (13607.3.10),4280.736679663515
080acb0967ec06504808de9a25f64290df3d6128,2019-10-07,77.0.3865.90,591.1982574439195,69.0.2,1004.9282895024179,12.1.2 (13607.3.10),4276.98461413645
f951c9d8c79e03d656d2427fa5f3e0dce4c6efe5,2019-10-08,77.0.3865.90,595.896317566344,69.0.2,1119.342798326927,12.1.2 (13607.3.10),4388.451813199408
72fcf2b027ede6465ee5ad9edbab8c8b8bd8c888,2019-10-09,77.0.3865.90,606.2543818728745,69.0.2,1127.4175342214,13.0.1 (13608.2.11.1.10),4274.810623574422
ce015c1b52fafc4de1d43f43e6ae27c100f5600c,2019-10-10,77.0.3865.90,606.8840115025041,69.0.2,1127.6119786658446,13.0.1 (13608.2.11.1.10),4275.396121610627
f9c9d79390a64bc16ae43ee3ab7e4c91c42b4c00,2019-10-11,77.0.3865.120,607.6551045944021,69.0.3,1128.750385049055,13.0.1 (13608.2.11.1.10),4274.889173772389
0ab72f38a06396ba83cacc1ddfcfb85b465f6634,2019-10-13,77.0.3865.120,607.762247451545,69.0.3,1130.1337183823885,13.0.1 (13608.2.11.1.10),4280.285307029943
823aecebaa2c04fd357c017849ed618107f9fa1b,2019-10-14,77.0.3865.120,611.0689481614713,69.0.3,1132.6014603178721,13.0.1 (13608.2.11.1.10),4279.157271086927
20a55f606de85d95a46cd19b423c9215cb39898c,2019-10-15,77.0.3865.120,611.7713291138523,69.0.3,1132.4337183823884,13.0.1 (13608.2.11.1.10),4281.7715529842535
50fa6ade9bda8c138ee37878c8442f33af09cb7d,2019-10-16,77.0.3865.120,616.3785553738307,69.0.3,1131.3645916310038,13.0.1 (13608.2.11.1.10),4287.431803759706
1a585338664a093cd5b73843c005af2fcb2a51ae,2019-10-17,77.0.3865.120,615.5636234861466,69.0.3,1135.641294139964,13.0.1 (13608.2.11.1.10),4286.750015398366
96e065ccc59ed24d150e900e9743e5c48b5e964b,2019-10-18,77.0.3865.120,614.7183853909086,69.0.3,1137.8392908151773,13.0.1 (13608.2.11.1.10),4286.70922226177
42b683c0faeeced71e36afce8e8dbb41e924fae7,2019-10-19,77.0.3865.120,616.1942263695018,69.0.3,1134.1838192102216,13.0.1 (13608.2.11.1.10),4290.660219583723
4e9c00e23f9b786eb7f2927cd501714c98196e4d,2019-10-20,77.0.3865.120,617.2029092004324,69.0.3,1135.404001122517,13.0.1 (13608.2.11.1.10),4292.372882601033
02fae42fbd22ae0bbf0963dfb525520fa30e174a,2019-10-21,77.0.3865.120,617.9552274961718,69.0.3,1135.2573988359145,13.0.1 (13608.2.11.1.10),4296.597761982109
fee6738f9523f5e257accfaea8ddfef2e28cfbcd,2019-10-22,77.0.3865.120,615.8433853909086,69.0.3,1137.0928900114059,13.0.1 (13608.2.11.1.10),4292.599001410957
e68120da0fb52f010f206f3ecc63cfa09885b0f4,2019-10-24,78.0.3904.70,613.3368199802713,70.0,937.1077063696333,13.0.1 (13608.2.11.1.10),4540.536703724837
bee8fe07402f7f919688a16ac13def147b79a6eb,2019-10-25,78.0.3904.70,618.3368199802713,70.0,935.7942728139417,13.0.1 (13608.2.11.1.10),4539.70286162513
378214a209fc0315e702fbffdc74b1c0ee20023f,2019-10-26,78.0.3904.70,615.9397442921979,70.0,940.2330526175883,13.0.1 (13608.2.11.1.10),4544.1116865581735
5e02df432f155f4ecc9d8b3aae2992ee78641548,2019-10-27,78.0.3904.70,615.7730776255312,70.0,933.9524970620328,13.0.1 (13608.2.11.1.10),4543.365327209062
2a8f52c0373a512b4802be46d1648c88303a8c3c,2019-10-28,78.0.3904.70,616.7397442921979,70.0,937.2413859509218,13.0.1 (13608.2.11.1.10),4546.7824267761625
d8c991aa1b82e509d6e334b1ac593e4c5111dce8,2019-10-29,78.0.3904.70,616.4559780584317,70.0,934.3386081731438,13.0.1 (13608.2.11.1.10),4543.16492531627
971bd53b84e2f7103052265afc540c54faef69ae,2019-10-30,78.0.3904.70,619.8263352012888,70.0,933.775830395366,13.0.1 (13608.2.11.1.10),4552.780608594343
fa36b9ea80e72f62492065917550a194306ab3b1,2019-10-31,78.0.3904.70,618.073035367842,70.0,938.5313263324796,13.0.1 (13608.2.11.1.10),4553.269492695351
f355fee8497e96d9da6f96bde38152b0be060783,2019-11-01,78.0.3904.87,621.1439924188054,70.0.1,936.5749181916655,13.0.1 (13608.2.11.1.10),4555.996285499896
e76f87b52667b3e8b43285e72b654bfa7cb8ace9,2019-11-02,78.0.3904.87,620.3592988583409,70.0.1,937.7244532901193,13.0.1 (13608.2.11.1.10),4558.758017110357
424249088dd679888e07bd315dd8ebc98ccf323a,2019-11-03,78.0.3904.87,620.3592988583409,70.0.1,940.1133421790081,13.0.1 (13608.2.11.1.10),4560.155578188423
29675aba0993eb9543825568753a1b01385c7c28,2019-11-13,78.0.3904.97,621.6980303153126,70.0.1,903.4938273339843,13.0.3 (13608.3.10.10.1),4479.540948938159
3ee67ef03aeee31247ee1b5aca3e91ddef4fdfd8,2019-11-14,78.0.3904.97,624.4271969819795,70.0.1,909.3027806029378,13.0.3 (13608.3.10.10.1),4481.334114497285
97717bdf67db429edf1bdd80daeaed63a2735091,2019-11-15,78.0.3904.97,625.3782824161532,70.0.1,908.0805583807155,13.0.3 (13608.3.10.10.1),4480.75426409794
295f22bfeb7e6db748e6b0e28c31adfeb498b55d,2019-11-20,78.0.3904.108,623.8324490828197,70.0.1,910.3972148678598,13.0.3 (13608.3.10.10.1),4477.785767640555
462f3c4680dc9d4c5dd4740742947cd16d6fc1df,2019-11-21,78.0.3904.108,622.6270919399625,70.0.1,906.2792203623652,13.0.3 (13608.3.10.10.1),4482.226400225903
dff3a6865c67b469be3b9bc1f4b318554008931b,2019-11-22,78.0.3904.108,624.1330443209149,70.0.1,911.5952917909367,13.0.3 (13608.3.10.10.1),4478.579833433455
51a95630a46ba0804c37abf802b9e50f0be255b3,2019-11-23,78.0.3904.108,627.1122432452559,70.0.1,911.9316045125123,13.0.3 (13608.3.10.10.1),4476.711502546468
ff1ea7c77ecee0b8dd39e125bbe59dfdd8b195ec,2019-11-25,78.0.3904.108,626.5586718166845,70.0.1,806.2483885935899,13.0.3 (13608.3.10.10.1),4480.20132502628
29cfeaf1ea98a1d05378bfb735575e3e9dbbc72b,2019-11-26,78.0.3904.108,625.9997432452559,70.0.1,803.9965196739792,13.0.3 (13608.3.10.10.1),4479.913894751613
5454021b2ea6f85014606a2178a8fd26f1fa5f40,2019-11-27,78.0.3904.108,625.7464752713997,70.0.1,810.1572339596934,13.0.3 (13608.3.10.10.1),4483.464005598971
733805e11946718d9a74c2801146fbd30b992ddc,2019-11-28,78.0.3904.108,624.029808604733,70.0.1,805.7941387215983,13.0.3 (13608.3.10.10.1),4486.616070784019
1df8c00a83e403d839fe69957292e4e32c62b84c,2019-11-29,78.0.3904.108,623.9921697687198,70.0.1,806.8285048638884,13.0.3 (13608.3.10.10.1),4505.107611882028
28b096731f4582bda6491400941cf0a7f645b45f,2019-12-03,78.0.3904.108,629.0755031020531,70.0.1,807.588425498809,13.0.3 (13608.3.10.10.1),4506.138194172664
eca8c168b2cb04f3f1bf223ca653640df7933c58,2019-12-05,78.0.3904.108,640.4278400238513,71.0,760.0060381969497,13.0.3 (13608.3.10.10.1),4538.292091740299
9f70d312fbc402835eb614e6baa5835e55f8c8f6,2019-12-06,78.0.3904.108,641.3144990452581,71.0,763.8201008010124,13.0.3 (13608.3.10.10.1),4536.657843722298
8f704cc3b3ce17cbda5ea8af66ec3649b50efb29,2019-12-07,78.0.3904.108,643.2290105395109,71.0,761.309609625521,13.0.3 (13608.3.10.10.1),4539.192830160357
091fc5233ac9af258fbc9faa5eaa4c0a754133b2,2019-12-08,78.0.3904.108,643.3748438728444,71.0,761.8034341343457,13.0.3 (13608.3.10.10.1),4538.267685806047
445af40713119b84d86d3b2d78b10bc1e788fb94,2019-12-09,78.0.3904.108,642.5421057776061,71.0,759.2701008010124,13.0.3 (13608.3.10.10.1),4538.419330943088
928d8accdea0d2e11ae93ff2c0544ed6f2e0ce65,2019-12-10,78.0.3904.108,645.6546057776062,71.0,762.5601718540366,13.0.3 (13608.3.10.10.1),4537.995414036135
81948e1b84299a09d6739451f72ef229644eb7f7,2019-12-11,79.0.3945.79,627.1853342775995,71.0,770.9248786941927,13.0.3 (13608.3.10.10.1),4580.496116414284
276ecb946ba74f402adbbc32f6f102b292d333a0,2019-12-12,79.0.3945.79,631.6857221520474,71.0,771.9305801508546,13.0.3 (13608.3.10.10.1),4605.037126615003
178762b6fce688979e261f3ac808651d2bce0832,2019-12-13,79.0.3945.79,637.1142935806189,71.0,779.9646882636073,13.0.3 (14608.3.10.10.1),4438.51755895559
9c1f9d444653f7e77db11a84b8e1caaed944b29b,2019-12-14,79.0.3945.79,637.5394212162148,71.0,784.1367462822171,13.0.3 (14608.3.10.10.1),4445.681758849992
5e5a9f523a50e6b875223b6ad44d7cdf84eb7195,2019-12-15,79.0.3945.79,638.3638259781196,71.0,784.1784129488838,13.0.3 (14608.3.10.10.1),4442.309173974589
59bdd506100c1c6a0db73f099d95dc5995b49f4a,2019-12-17,79.0.3945.79,636.8527904322688,71.0,781.8442237871983,13.0.3 (14608.3.10.10.1),4448.718681859687
ac1c9f84acdb114a9deb0d4dd4bfec62db6a723d,2019-12-18,79.0.3945.88,634.4918749123574,71.0,780.1660083121624,13.0.4 (14608.4.9.1.4),4454.169249610881
907bbfc36ceed7ad320e5175f329b70be318a854,2019-12-19,79.0.3945.88,637.1761529813831,71.0,780.2568813280354,13.0.4 (14608.4.9.1.4),4457.778658530073
509d9d18175d4b4663ffd083b621f524d3d3f095,2019-12-20,79.0.3945.88,640.1761529813831,71.0,783.4687860899402,13.0.4 (14608.4.9.1.4),4460.784070761547
ba353b09d0874bf884c744da16ab885c0f3bf403,2019-12-22,79.0.3945.88,641.7803196480497,71.0,788.933294914449,13.0.4 (14608.4.9.1.4),4479.479232851241
b048002b012a8290b7dbdb0f0d685454e8837b6f,2019-12-23,79.0.3945.88,640.3142482194783,71.0,789.9937860899402,13.0.4 (14608.4.9.1.4),4479.996360425527
e936890351047304cdc98d31d555f6d6a068097e,2019-12-24,79.0.3945.88,641.0184148861449,71.0,789.7910083121624,13.0.4 (14608.4.9.1.4),4475.265416436632
7ed322c3132993bcb5734702b40621448670fc76,2019-12-25,79.0.3945.88,640.0719863147164,71.0,790.3624368835909,13.0.4 (14608.4.9.1.4),4478.9746844392475
d1e20d6e525ebf9b99876c7f08b14cb268364f79,2019-12-26,79.0.3945.88,641.4234225314049,71.0,787.3243416454957,13.0.4 (14608.4.9.1.4),4478.166212436225
070df683f5a7999245622eec274974903c3560c2,2019-12-28,79.0.3945.88,641.058414886145,71.0,788.7187860899402,13.0.4 (14608.4.9.1.4),4478.192905109954
6e3355fddd773b0b3f76cabac9cb3f2a101b27d7,2019-12-31,79.0.3945.88,639.9750815528116,71.0,792.246563867718,13.0.4 (14608.4.9.1.4),4482.072354735502
fda9fa30b9c18f3689f09384c0d4f104c6e6fd4d,2020-01-01,79.0.3945.88,643.3590101242403,71.0,790.195794914449,13.0.4 (14608.4.9.1.4),4480.394154405854
37a6910565388a7dc76aedd17c3aa74400d39286,2020-01-03,79.0.3945.88,644.9036529813831,71.0,789.844182915337,13.0.4 (14608.4.9.1.4),4481.923459596396
c5f090c0e768bccdc6b0c7711c4adc2d3311c230,2020-01-04,79.0.3945.88,645.8203196480497,71.0,794.7941829153372,13.0.4 (14608.4.9.1.4),4481.663731245935
52ad8a87fb72bcf6950c20cced0d87f34e26dc81,2020-01-05,79.0.3945.88,646.9036529813831,71.0,790.7330718042259,13.0.4 (14608.4.9.1.4),4485.343636435895
91bd700f07b3fe67d5c582e4ebe954516cd46875,2020-01-06,79.0.3945.88,646.1298434575735,71.0,792.4414051375594,13.0.4 (14608.4.9.1.4),4484.012049288748
e5033e408e557bbd30560fa5aaf96cadb06c3926,2020-01-07,79.0.3945.88,648.9868206394692,71.0,790.3771670949002,13.0.4 (14608.4.9.1.4),4482.717314249359
a16757f509a6b401e70fe3a669e6fe5bb461ea7c,2020-01-08,79.0.3945.117,648.1324434501803,72.0,785.7713430086,13.0.4 (14608.4.9.1.4),4541.314973407791
0b654aa23ecd6e2f7483bbd6be01bf3c705a4a44,2020-01-09,79.0.3945.117,649.7157767835135,72.0.1,787.404073951294,13.0.4 (14608.4.9.1.4),4555.749287605258
2a73e37c60b18846d9d2798c845242f209d74644,2020-01-10,79.0.3945.117,646.3705549146662,72.0.1,787.8961229066263,13.0.4 (14608.4.9.1.4),4555.224989207401
b1d8b4ac4dc04fd1da16cb309ed675fa6a07bfd6,2020-01-12,79.0.3945.117,648.4355485163712,72.0.1,784.9044372137676,13.0.4 (14608.4.9.1.4),4558.539869501111
49b2ada87110c2d50daa91c831835a4e1d9f04d9,2020-01-14,79.0.3945.117,652.6399899083127,72.0.1,785.8285825129128,13.0.4 (14608.4.9.1.4),4561.056364671466
606da537b95e54f4f1d53774ec03634f5902bc01,2020-01-17,79.0.3945.130,649.5721327654554,72.0.1,788.5440698542816,13.0.4 (14608.4.9.1.4),4556.760006164247
2f346208c2a115a601b580e7869fe112b97c4246,2020-01-19,79.0.3945.130,649.3670005505755,72.0.1,788.1743227194977,13.0.4 (14608.4.9.1.4),4560.343808518076
12d729aa101686df75bfada4591e66b1d0375ae0,2020-01-20,79.0.3945.130,648.9619929053156,72.0.1,790.0582584434703,13.0.4 (14608.4.9.1.4),4560.3089603054095
b3bb7d0e0a97d3b86618271309fa15182938515d,2020-01-21,79.0.3945.130,651.2883817942045,72.0.2,803.9729409831527,13.0.4 (14608.4.9.1.4),4563.348310099517
4d0e11469861b4332e1586fc484b19adad7be9b0,2020-01-22,79.0.3945.130,651.7139770322997,72.0.2,802.7046076498195,13.0.4 (14608.4.9.1.4),4565.099748472959
34b506104bc4f62975ed7417041d8741fa95d676,2020-01-23,79.0.3945.130,658.515512120019,72.0.2,804.3023920485193,13.0.4 (14608.4.9.1.4),4533.0105715447535
b8251ea96a23673c8cb401662c5b0f225d651bd3,2020-01-26,79.0.3945.130,709.9575298504493,72.0.2,807.3692119800036,13.0.4 (14608.4.9.1.4),5320.325531159844
e1edaa3dd1bea4415ee88e042affee32028d7f1d,2020-01-27,79.0.3945.130,712.1003869933064,72.0.2,810.3358786466702,13.0.4 (14608.4.9.1.4),5321.954326445496
cae87aeeef8698c8be724fd46c6aa1cd93637106,2020-01-28,79.0.3945.130,712.7039584218779,72.0.2,809.9414342022257,13.0.4 (14608.4.9.1.4),5321.063621654178
4017c884097baf142893dd7aeebdb972c6832d7c,2020-01-30,79.0.3945.130,817.611696517116,72.0.2,811.2942119800035,13.0.4 (14608.4.9.1.4),6212.625929916811
7b091e1a0644af2c62ec055f35b2f08ff72d6d7b,2020-01-31,79.0.3945.130,816.4095549041065,72.0.2,816.7970261166715,13.0.4 (14608.4.9.1.4),6218.4875929919
41d7c3597e5d3128ff3c42bb128781e4c382ba7b,2020-02-01,79.0.3945.130,816.683118687418,72.0.2,815.194064961653,13.0.4 (14608.4.9.1.4),6214.344001976143
c67d8f5bdace9762af3ea99417fb5f2140438e14,2020-02-02,79.0.3945.130,820.6122853540846,72.0.2,822.1690649616531,13.0.4 (14608.4.9.1.4),6216.71747656882
5bfe66a9068ede4f0228ace529c3bc7b1a54c202,2020-02-04,79.0.3945.130,817.6950234493227,72.0.2,827.5801760727643,13.0.4 (14608.4.9.1.4),6217.192611651338
e3f453715b7945000cf4a02727fa2fb0f6563e7a,2020-02-05,80.0.3987.87,618.6664169293455,72.0.2,843.4209826346344,13.0.4 (14608.4.9.1.4),6340.725927667353
06fbef7e0a7f4274259bf978dfbff3b036f2c8f4,2020-02-06,80.0.3987.87,617.721972484901,72.0.2,842.741097577163,13.0.4 (14608.4.9.1.4),6348.216230793832
20bfb1dcced4eda02e1b3a9b0914fac7a52f702b,2020-02-07,80.0.3987.87,621.0594724849011,72.0.2,843.4495003079204,13.0.5 (14608.5.12),6328.714217789249
9638108f54d9dc82ddb1466cffc87b0548c33961,2020-02-08,80.0.3987.87,629.2636391515676,72.0.2,874.8760182120837,13.0.5 (14608.5.12),6350.003555965906
b9e1acbefa69c86a0be5f43e5e175b60946ed612,2020-02-13,80.0.3987.100,659.8801669287426,73.0,874.2215064057374,13.0.5 (14608.5.12),6422.103042575043
c8671a2d15e8c57b652915956312b94a0236a974,2020-02-14,80.0.3987.106,704.0863085663748,73.0,853.7826798004802,13.0.5 (14608.5.12),6433.225183018503
8636d919cb3584807955d30ef2c1024cf74e29cc,2020-02-15,80.0.3987.106,704.3482133282796,73.0,858.8583111136115,13.0.5 (14608.5.12),6427.638001139112
8037fe7f0d98f045bc813f3e21f228a2821dca5e,2020-02-16,80.0.3987.106,703.4729675877816,73.0,859.0985194939652,13.0.5 (14608.5.12),6432.1468249003365
8debe68e88d3b10393ea3dc5862d4130c663f496,2020-02-17,80.0.3987.106,703.0771342544482,73.0,859.5207417161874,13.0.5 (14608.5.12),6432.490949460398
f26ffc3bd3449cabb4c9823f6b1a225c442b0b69,2020-02-18,80.0.3987.106,697.1604675877816,73.0,848.2319222247227,13.0.5 (14608.5.12),6430.912598425045
977ec8a5295b58b153a2b748a1785449223cae56,2020-02-19,80.0.3987.116,694.4938009211148,73.0.1,847.3818528272986,13.0.5 (14608.5.12),6428.842187112849
9c769beea3baff07abf40eef53de01eee14fc539,2020-02-20,80.0.3987.116,673.0771342544482,73.0.1,727.556081073488,13.0.5 (14608.5.12),6338.435251866222
832aad69f26a93404829abd0c0f03a5d6a60dc25,2020-02-21,80.0.3987.116,669.8896342544482,73.0.1,731.4866366290437,13.0.5 (14608.5.12),6334.197790414617
cb9c3cad6fbeb2ea8e6cb2424536c95e9be3b557,2020-02-22,80.0.3987.116,626.0771342544483,73.0.1,726.1866366290436,13.0.5 (14608.5.12),6351.932399685655
4ee848f494e37b02a7ff884dc405931bc4fe61b0,2020-02-23,80.0.3987.116,629.0771342544482,73.0.1,725.05892824869,13.0.5 (14608.5.12),6350.585278152137
9b38d0ac614a4132804b076c461738871689fae7,2020-02-25,80.0.3987.122,627.9196418997082,73.0.1,724.2213588512658,13.0.5 (14608.5.12),6350.958272475269
aaa24a9312d50dccfdcab394bb0078d1daa7e404,2020-02-26,80.0.3987.122,629.2519591844202,73.0.1,737.1979479415239,13.0.5 (14608.5.12),6367.574553114693
e5c76b0950f619b5d4e2178996fa65d482e6fcfb,2020-02-27,80.0.3987.122,627.1986334963468,73.0.1,731.433989655211,13.0.5 (14608.5.12),6366.9023769858295
496499a3188a8da571cbe59e182d555c2a6b8d69,2020-02-28,80.0.3987.122,627.9764962214573,73.0.1,736.6506563218776,13.0.5 (14608.5.12),6367.565126854371
5b01321722a8be92829f9d256f29b7cd1ceb18be,2020-02-29,80.0.3987.122,631.4644297273369,73.0.1,737.7746657039877,13.0.5 (14608.5.12),6364.866988912679
ddf26e73d3f23ef896efc7977d06707e74f46941,2020-03-01,80.0.3987.122,629.2769297273369,73.0.1,735.3275128791896,13.0.5 (14608.5.12),6364.125009740586
855948d1593971ebd9efde7d84f588d8c964bd1d,2020-03-03,80.0.3987.122,628.9203743476883,73.0.1,735.9582815231968,13.0.5 (14608.5.12),6365.6252133393355
1cb304fbdb620f02f8ec49b38195936dd9069c91,2020-03-04,80.0.3987.132,630.3747510937359,73.0.1,737.9853956447075,13.0.5 (14608.5.12),6369.5221982015555
d487329ed2e95f1dc28151815a27d65bcec5e2d5,2020-03-05,80.0.3987.132,630.3420129984978,73.0.1,735.3937289780408,13.0.5 (14608.5.12),6364.767223400664
f2c1dfe9ae186350086dbe505c4baaab63ace1cc,2020-03-22,80.0.3987.149,604.0432676275909,74.0,791.1905942824968,13.0.5 (14608.5.12),4430.224177649668
104b9a23d758ef7c0e148d332a24596580d71b5c,2020-03-23,80.0.3987.149,605.2039819133053,74.0,786.3753165047189,13.0.5 (14608.5.12),4431.410473779591
14ff041229db923f83ed1acba0fcdadd72361717,2020-03-24,80.0.3987.149,602.3789819133052,74.0,795.3253165047189,13.0.5 (14608.5.12),4438.827781130994
02f02cbb8031628c6352c52d202e1b77223b0cf1,2020-03-25,80.0.3987.149,606.7748152466387,74.0,792.2294831713856,13.0.5 (14608.5.12),4431.181451343209
159891c09f8865250661d3cf8211125096a2986e,2020-03-26,80.0.3987.149,606.4714895585652,74.0,803.89892761583,13.0.5 (14608.5.12),4436.536856659277
0e8805a731cd00e8ed70927d82f43943b4cda624,2020-03-27,80.0.3987.149,603.5676543519777,74.0,802.5735691928909,13.0.5 (14608.5.12),4434.419204309672
997e66ba5837e2ee7dc2d16ff678c6265cea418e,2020-03-28,80.0.3987.149,607.9724162567396,74.0,803.9832914151131,13.0.5 (14608.5.12),4436.681652008417
13cb63ada5e7e1b6accbaa3906f314bef5aad501,2020-03-29,80.0.3987.149,606.7224162567396,74.0,803.172180304002,13.0.5 (14608.5.12),4437.98985782311
440ec817d7bba000a4481485cdde6afcb62a3ed2,2020-03-30,80.0.3987.149,604.5349162567396,74.0,802.5426168119385,13.0.5 (14608.5.12),4436.308039968287
b52d2076a8681e4a77adef1c1fa9f061281ae083,2020-03-31,80.0.3987.149,605.796658680982,74.0,805.8611774179991,13.0.5 (14608.5.12),4436.72891351767
99befe437f67d56fd82bb9f9bf3a22b648c6b6aa,2020-04-01,80.0.3987.162,605.7960634428867,74.0,807.8556218624436,13.0.5 (14608.5.12),4441.016120449372
22c551d7626ab35452f7e74e3f59ddac79c8b90f,2020-04-02,80.0.3987.162,604.1799920143153,74.0,807.5153440846659,13.0.5 (14608.5.12),4433.74459097224
1c45545295c1c174583b11c5ed302fc4f23b79d1,2020-04-08,81.0.4044.92,707.7011766102025,75.0,915.7156136992561,13.1 (14609.1.20.111.8),3044.918733939625
248e44b485b2a69c1c25f7c6f64b681b3aca4424,2020-04-18,81.0.4044.113,711.0871798871531,75.0,924.2214824089983,13.1 (14609.1.20.111.8),3056.867732329845
8086723599f2bcdcbf54bcecff8cc50038cf939a,2020-04-21,81.0.4044.113,710.3978576353309,75.0,937.2770379645538,13.1 (14609.1.20.111.8),3067.826386549448
0084aa71d4d4935fcbb43bd8122328da9d305098,2020-04-23,81.0.4044.122,712.845018807492,75.0,936.8575935201095,13.1 (14609.1.20.111.8),3062.5174859624485
13868f2aa3ff16f7f338d492e0027c301f07f74c,2020-04-24,81.0.4044.122,715.703189803163,75.0,940.5146767594018,13.1 (14609.1.20.111.8),3075.804672197922
f8bd87deb2c2a0ea974adb6c64ef013a60188193,2020-04-25,81.0.4044.122,717.1424755174488,75.0,939.8965518064225,13.1 (14609.1.20.111.8),3080.003137531013
f657d26323fe748b534c52480926ae08a4a81332,2020-04-28,81.0.4044.129,715.1195038211994,75.0,938.5850211514612,13.1 (14609.1.20.111.8),3077.301017292636
c88ba15a86aec96a910720df56666b97ea1d45fa,2020-05-01,81.0.4044.129,721.1695688619369,75.0,940.7668504109357,13.1 (14609.1.20.111.8),3085.0333173185722
ef4113222efb4cc08100f34f2dd9ab8ecc3660eb,2020-05-02,81.0.4044.129,722.6737355286036,75.0,940.5884773950628,13.1 (14609.1.20.111.8),3085.121963510182
c19e2b60b554e64ad07f25675f659ce76cee9e82,2020-05-03,81.0.4044.129,724.1529021952703,75.0,940.062088506174,13.1 (14609.1.20.111.8),3076.1748458904713
22cd8936944425e1ba32f9da04b67430a9d19d53,2020-05-04,81.0.4044.129,721.5153883447588,75.0,941.4301440617295,13.1 (14609.1.20.111.8),3079.2171246104895
2237420ac3aeffa6cdd1ceff6d8b1886fa9005dc,2020-05-05,81.0.4044.129,721.2348327892033,75.0,943.5053965869821,13.1 (14609.1.20.111.8),3082.0237407120067
027bdebf6a3052d664903d4488170a16419837ef,2020-05-06,81.0.4044.138,711.0642014389447,76.0,921.1699560550808,13.1 (14609.1.20.111.8),3093.714669722248
ba6082e94163d5f024974ec6e4a65c95ce690829,2020-05-07,81.0.4044.138,712.900907788151,76.0,921.3312721788967,13.1 (14609.1.20.111.8),3096.551458244142
1d14e74b0ed4d5a991b072a1f50b2f6fc4cc1622,2020-05-08,81.0.4044.138,713.8447098407703,76.0,928.1014393103321,13.1 (14609.1.20.111.8),3101.9399086037092
b0f0a12c732142dfa2b4933a1d3ec44a4a88a841,2020-05-09,81.0.4044.138,712.7691146026751,76.0.1,924.3556059769988,13.1 (14609.1.20.111.8),3113.718223914648
46b884903ba0153b2cd9d932504f6b88f57614cf,2020-05-10,81.0.4044.138,713.1655431741037,76.0.1,925.2083837547767,13.1 (14609.1.20.111.8),3111.1077411386464
b1c034d31dccb568749e042938db02dd1be2b72c,2020-05-13,81.0.4044.138,714.3622174860303,76.0.1,926.6125504214434,13.1 (14609.1.20.111.8),3112.5122138665683
47f7c7004aa06e75ab63e9d1dc575a1e5fdf9f1c,2020-05-14,81.0.4044.138,739.7576068852796,76.0.1,935.2602585703086,13.1 (14609.1.20.111.8),3111.123064258923
257af6a7bd889bf588a438d70f6f01fed9fca66f,2020-05-16,81.0.4044.138,739.1579741933467,76.0.1,936.8305188328648,13.1 (14609.1.20.111.8),3115.3661528453044
e6695b77fc9bb1e5c71ce474c4e7f8784713c754,2020-05-17,81.0.4044.138,742.1615456219182,76.0.1,939.3096854995316,13.1 (14609.1.20.111.8),3118.541152845305
9d125e099c58a27e70a2f669c5308e98667d38f9,2020-05-18,81.0.4044.138,736.5115456219181,76.0.1,935.556410209316,13.1 (14609.1.20.111.8),3110.376951577735
619f6fa4dff862035b18d9adf721ecf599522ea0,2020-05-19,81.0.4044.138,743.5990456219181,76.0.1,935.555588230289,13.1 (14609.1.20.111.8),3114.1647162172403
bede10791c3993b2c31b394c2bd4974677271118,2020-05-20,83.0.4103.61,716.4265196182623,76.0.1,963.9264728347739,13.1 (14609.1.20.111.8),3218.906186235914
9a4d51e62e20e884be7ae37fb0f4523fdb97e439,2020-05-21,83.0.4103.61,719.7842577135004,76.0.1,968.8874005686445,13.1 (14609.1.20.111.8),3216.128685185396
31500c8726aeb1871bc5ca19642f5cb94a0e1a92,2020-05-22,83.0.4103.61,719.1251718281214,76.0.1,963.5429561241999,13.1 (14609.1.20.111.8),3220.6647544026046
77881a0970ec43885f0e7438cc21c18ec141c9ef,2020-05-23,83.0.4103.61,718.2515607170104,76.0.1,964.2332339019778,13.1 (14609.1.20.111.8),3220.00684984166
be4a903bca0a01b794bebf486f707c9f8e9e9ff6,2020-05-24,83.0.4103.61,719.847989288439,76.0.1,971.3985116797556,13.1 (14609.1.20.111.8),3219.0595370918822
c81ab1e2472ed9930826294d9f4a48bcf8398e30,2020-05-27,83.0.4103.61,722.4938226217723,76.0.1,971.8349539683954,13.1 (14609.1.20.111.8),3222.979716631738
b3829d75267a2e9fd38eaccf7f474a69193a0bda,2020-05-28,83.0.4103.61,726.3181755051274,76.0.1,970.9223845709715,13.1 (14609.1.20.111.8),3222.9623360693354
b0cfc1cbad34e5eb7d4611850c15d46c23c98fc3,2020-05-29,83.0.4103.61,722.4823485665484,76.0.1,971.3279401265269,13.1 (14609.1.20.111.8),3218.2012308503777
29da7063b3bec8efccf08a930b12cdb6f6ebb129,2020-05-30,83.0.4103.61,726.1192523238092,76.0.1,973.087159956613,13.1 (14609.1.20.111.8),3213.493451106586
dca5b855126eac95b5f25f770f07fce575f14151,2020-05-31,83.0.4103.61,727.1767523238092,76.0.1,972.95154635794,13.1 (14609.1.20.111.8),3209.724888150793
04698f643c15561cba3ade00aecac2e8e4eb3b43,2020-06-02,83.0.4103.61,725.380165022222,76.0.1,975.1984081710979,13.1 (14609.1.20.111.8),3211.4251512023347
68c457ca8284cf54237f62174561bdef10ec72c7,2020-06-03,83.0.4103.61,730.5220301015871,77.0,965.6369898457185,13.1 (14609.1.20.111.8),3226.889019088434
7810613a0254e37a268cbf20058c4a249daa5ecc,2020-06-04,83.0.4103.97,730.4284334204904,77.0.1,967.5869204482943,13.1 (14609.1.20.111.8),3232.452447149267
c620466be79a6db192ada6c6af5ae7c5730ebc08,2020-06-05,83.0.4103.97,732.6945048490618,77.0.1,965.3150554144892,13.1 (14609.1.20.111.8),3219.346665098607
2ff9124e821cf4fcb3b8ab9fcb72630557f3dac6,2020-06-06,83.0.4103.97,732.5849464613914,77.0.1,965.1398164947728,13.1 (14609.1.20.111.8),3224.6817242336792
258464412e9077dc3b5eddf28ea6c23ef31d5269,2020-06-07,83.0.4103.97,736.1780365950937,77.0.1,965.3564137640153,13.1 (14609.1.20.111.8),3228.0436966549883
0fd4d2f9d9c7dc27fa1d2410b105fcd753c33158,2020-06-09,83.0.4103.97,736.397481039538,77.0.1,968.7222257298274,13.1 (14609.1.20.111.8),3233.710629361723
090f052c18cb3a0cb919f921749801f30f9f62a8,2020-06-10,83.0.4103.97,734.1391477062048,77.0.1,969.5416701742718,13.1 (14609.1.20.111.8),3231.3040951092316
36bf34ed4fbfa6769f8ae866c026628fd9c76544,2020-06-11,83.0.4103.97,734.7822032617603,77.0.1,970.488892396494,13.1 (14609.1.20.111.8),3231.7672335470825
ce024853ffad6fcd8e58bf7be539e26bb30d8ec0,2020-06-12,83.0.4103.97,737.6639463612989,77.0.1,973.1096131172146,13.1.1 (14609.2.9.1.3),3231.2865067933944
7a1f71e5ed6c1de8e732ebb09d4e16b6598e1c1d,2020-06-13,83.0.4103.97,735.7139463612989,77.0.1,975.7646711603321,13.1.1 (14609.2.9.1.3),3222.1761757260665
ef14c5bc0da3d3c0f642a3195a9e41433d36a5ba,2020-06-14,83.0.4103.97,738.2523722872248,77.0.1,976.9290575616592,13.1.1 (14609.2.9.1.3),3226.199754942178
5a7701e9361d47708f6ebba417620ffaf8e11311,2020-06-16,83.0.4103.106,733.4495945094471,77.0.1,980.0341162830726,13.1.1 (14609.2.9.1.3),3220.7804733213457
ceb4dfbffc540ad943d15686038184a3cae9b4a7,2020-06-18,83.0.4103.106,745.8083465619923,77.0.1,978.2644583904721,13.1.1 (14609.2.9.1.3),3211.1594379865305
5756870d039495439b8512c26db05f25aaa3a0d7,2020-06-19,83.0.4103.106,742.4656735832785,77.0.1,983.2570196235133,13.1.1 (14609.2.9.1.3),3201.4349470407333
4877e40ba4bc993de5ccbd206845b63ceb07a892,2020-06-20,83.0.4103.106,742.717610382463,77.0.1,984.3654223542708,13.1.1 (14609.2.9.1.3),3209.2147309255697
40724da33edf9653287985ff4f7b226ce60a0097,2020-06-22,83.0.4103.106,741.8564992713518,77.0.1,983.3209085124023,13.1.1 (14609.2.9.1.3),3201.1784779904183
9f6b1348c4216fb3597f1ebab3f4b06091cd7ab9,2020-06-23,83.0.4103.116,745.4599959276009,77.0.1,982.0903529568467,13.1.1 (14609.2.9.1.3),3198.7886534673366
1001bb6b2d6b975a68535b8a336eb7f32e372d7f,2020-06-24,83.0.4103.116,741.4257959202416,77.0.1,985.0545669395445,13.1.1 (14609.2.9.1.3),3200.256941402753
875d97995ffecccad1dce17d8414854d3bc910d5,2020-06-25,83.0.4103.116,745.1994499313956,77.0.1,988.0288161887939,13.1.1 (14609.2.9.1.3),3204.9640668577026
5a3bb3a2c0098b05e0a4c23976b4c66554854bd5,2020-06-26,83.0.4103.116,749.2065927885383,77.0.1,990.1927744751068,13.1.1 (14609.2.9.1.3),3208.206603239046
e4d0d4f1d3383211571cdd0a3e1d5281e0398649,2020-06-29,83.0.4103.116,745.2607594552052,77.0.1,985.0494629549628,13.1.1 (14609.2.9.1.3),3202.789674732406
825a7c1a712e0911116031b5e5dcf382d8f50adb,2020-06-30,83.0.4103.116,748.1081800901258,77.0.1,984.6051573053664,13.1.1 (14609.2.9.1.3),3207.334647261302
17f0e364e3584535436669a490887e723f3f61e6,2020-07-01,83.0.4103.116,755.244363351309,78.0,969.7505092556441,13.1.1 (14609.2.9.1.3),3227.8188767842034
bbda80e3e9964567acedd8537f5318b40896ac85,2020-07-02,83.0.4103.116,755.3026966846423,78.0.1,966.3171759223108,13.1.1 (14609.2.9.1.3),3231.8127113855917
e4b2fe646b9811e8d9a9332ace8ba2dfdb72ccb8,2020-07-03,83.0.4103.116,758.5901966846424,78.0.1,969.3921759223108,13.1.1 (14609.2.9.1.3),3229.3979733206547
ac402deb6e9d1a35976009d3ecd5d709bbdd89c7,2020-07-05,83.0.4103.116,757.9711375547886,78.0.1,969.7930440417795,13.1.1 (14609.2.9.1.3),3220.6861309619544
b7938227eacdc8d6d475c5a7bff061724d6ebd3f,2020-07-06,83.0.4103.116,754.0014946976459,78.0.1,973.1485301999112,13.1.1 (14609.2.9.1.3),3231.099543910014
6a531642611c81e83bed58421fdc555e2db1f77a,2020-07-07,83.0.4103.116,759.9288756500267,78.0.1,973.2306744135059,13.1.1 (14609.2.9.1.3),3232.745767208191
00b7aebbbca60116d196a113fdb7799a99bfa391,2020-07-16,84.0.4147.89,667.08680571316,78.0.2,983.4798525281541,13.1.1 (14609.2.9.1.3),3339.1348730139653
0d31626e52b12340ff4b96fd6b0ba100404a7ebd,2020-07-17,84.0.4147.89,668.391567617922,78.0.2,979.903282479845,13.1.1 (14609.2.9.1.3),3338.8290317588253
f140180e49e4f8aed5960855947c4273bbefd9eb,2020-07-18,84.0.4147.89,664.64983241982,78.0.2,979.8726364433857,13.1.1 (14609.2.9.1.3),3335.192418825792
b47352d6c9860ff13c014fda37f35f88e8d935cb,2020-07-19,84.0.4147.89,668.1664990864866,78.0.2,982.503191998941,13.1.1 (14609.2.9.1.3),3344.944345678066
29ba1e01865ce5fb8ca21f37a0f13d394428de84,2020-07-20,84.0.4147.89,667.5953162555561,78.0.2,980.0004142211634,13.1.1 (14609.2.9.1.3),3338.115977635648
f06a1d2d8af7ed4d1e74228521ddfa044f7f05c8,2020-08-15,84.0.4147.125,680.7485081456673,79.0,979.4611860784947,13.1.2 (15609.3.5.1.3),3414.670729919947
d99ec97e0fa94d907d0c0e968690b88d17f749e1,2020-08-16,84.0.4147.125,678.7139843361435,79.0,981.1278527451615,13.1.2 (15609.3.5.1.3),3411.1257176733884
9b5dfb6544331bda796409320efc2ae45f7f40aa,2020-08-17,84.0.4147.125,681.8568414790006,79.0,978.7306103146285,13.1.2 (15609.3.5.1.3),3418.0828479736947
3a326c47caa930616ce141bebb5c3e382cdc896c,2020-08-18,84.0.4147.125,682.1723176694768,79.0,977.0087771102205,13.1.2 (15609.3.5.1.3),3416.2010189623074
bb69d6b51a09292099d1b04efb774c064a3ff164,2020-08-19,84.0.4147.125,682.3241033837625,79.0,981.1559993324428,13.1.2 (15609.3.5.1.3),3422.1741401599916
75d50099b93041d023aa8e4b3ef30816d36eb485,2020-08-21,84.0.4147.135,681.6600923947515,79.0,979.214263268352,13.1.2 (15609.3.5.1.3),3422.602815522814
e949f1f611a601e82dca420c26d092fdd3475155,2020-08-22,84.0.4147.135,683.4981876328468,79.0,979.664263268352,13.1.2 (15609.3.5.1.3),3418.619936289588
7ba10964e8b78acca1a540f4b1f42dad6841276f,2020-08-23,84.0.4147.135,684.513663823323,79.0,984.1031521572409,13.1.2 (15609.3.5.1.3),3420.40597631403
e2a0d6335066eb4cd8dd8e9023daaf9afea36216,2020-08-24,84.0.4147.135,679.8648542995135,79.0,984.2337077127966,13.1.2 (15609.3.5.1.3),3412.6473422062695
edc90f285db7d4e67c2a8d0c8dcc3ce735b8f011,2020-08-25,84.0.4147.135,682.8090625072772,79.0,981.3334737085064,13.1.2 (15609.3.5.1.3),3413.888863891897
f793f9cf74a403d4317ce633bb2bd60610c412f7,2020-08-26,85.0.4183.83,650.263641463696,80.0,968.6098406492629,13.1.2 (15609.3.5.1.3),3532.7925944443546
87182036f426e22ae4de0c3a53dea1ce8328f08f,2020-08-27,85.0.4183.83,649.6511414636961,80.0,972.1332533476756,13.1.2 (15609.3.5.1.3),3542.5386406354946
b6912668d4e01f434ab21583c728142d84185319,2020-09-11,85.0.4183.102,659.4476130740283,80.0.1,971.6843524606372,13.1.2 (15609.3.5.1.3),3547.9471850642017
c6ac22678d95c1a8414656822ff46d05ff0d1fed,2020-09-12,85.0.4183.102,662.7468194232346,80.0.1,974.0954635717483,13.1.2 (15609.3.5.1.3),3543.853670404097
7bdb28b549e723fbddbcdc971f446f00cd0acdd6,2020-09-13,85.0.4183.102,659.9372956137107,80.0.1,973.8705329691722,13.1.2 (15609.3.5.1.3),3545.6720688161454
477fc341081993b611062d44f70cec11866aa7e2,2020-09-14,85.0.4183.102,660.0414622803773,80.0.1,977.028003254288,13.1.2 (15609.3.5.1.3),3542.4282841100567
90ea6fe6ea9420380ab0b213d386ad675bba4ec3,2020-09-15,85.0.4183.102,658.383128947044,80.0.1,972.9287969050816,13.1.2 (15609.3.5.1.3),3551.2606738114273
bb71279d978e75649e091ee7d106eca9e7c14d04,2020-09-16,85.0.4183.102,658.957289408282,80.0.1,977.6553551706642,13.1.2 (15609.3.5.1.3),3549.680913574876
e48be6d08b272744fe6d1d28e91a5808cf92fb68,2020-09-17,85.0.4183.102,661.4778775024986,80.0.1,980.9970242726113,13.1.2 (15609.3.5.1.3),3547.7225713985476
43454a84279c7400343aaabb09f6278b08293623,2020-09-18,85.0.4183.102,662.9144342400289,80.0.1,978.1508210839712,13.1.2 (15609.3.5.1.3),3545.5026933836075
5a5410b369b69e783fbb526eb997cd70c90ded8e,2020-09-19,85.0.4183.102,661.3967232735899,80.0.1,977.8188349980401,13.1.2 (15609.3.5.1.3),3553.9134877739607
86b1ae6d6c823d07ca2c5c70865ed8c796d46c3d,2020-09-20,85.0.4183.102,667.0815965807109,80.0.1,979.9632794424845,13.1.2 (15609.3.5.1.3),3546.0853549203953
9c03638de8e68cd76da1adfa58c79cdc60a7e551,2020-09-22,85.0.4183.121,663.0723050403631,80.0.1,981.679847723684,13.1.2 (15609.3.5.1.3),3552.225875476346
dd2254f43eff0648dc3c5a9452f341e5d8bd34ef,2020-09-23,85.0.4183.121,681.0706963696794,81.0,998.6618723938526,14.0 (15610.1.28.1.9),3155.3882025528505
1debe1baefede945ac06df5b595f876fe818f019,2020-09-24,85.0.4183.121,687.0294970623727,81.0,1006.253191838297,14.0 (15610.1.28.1.9),3184.8830818261563
c619cd50186585a10f19287487f7c7a4a1442480,2020-09-25,85.0.4183.121,690.9934332790612,81.0,1000.9973197533927,14.0 (15610.1.28.1.9),3192.330489886648
e7928355119c150c784d2d32da699717f61ed346,2020-09-26,85.0.4183.121,690.1389146215379,81.0,1005.0905737216467,14.0 (15610.1.28.1.9),3185.096175249925
589d1d54b73d37f1efde64f75cc408bdd640b44a,2020-09-27,85.0.4183.121,689.361292396668,81.0,999.8544626105355,14.0 (15610.1.28.1.9),3181.213092418312
e420eb2bf0add7fd08c5da16a8ccaf1d0bef467e,2020-09-29,85.0.4183.121,688.3993725625827,81.0,1007.8183514994245,14.0 (15610.1.28.1.9),3188.379360854045
32fede7cfb4d86ff5dc7465318726b6d26487503,2020-09-30,85.0.4183.121,690.0779439911541,81.0,1006.137795943869,14.0 (15610.1.28.1.9),3184.19555171026
b9daab0ae7b4e1ad6e8abf5d7095db3c385bbb1f,2020-10-01,85.0.4183.121,671.121030815761,81.0,1009.4545118307326,14.0 (15610.1.28.1.9),3193.1017246521033
cfab8f8e93258b12a23424899afc839e723da631,2020-10-05,85.0.4183.121,671.3702612866035,81.0.1,1005.2615356872769,14.0 (15610.1.28.1.9),3148.1414079770943
a8f2f131e8a200238c209ea7744c3d935709da25,2020-10-07,86.0.4240.75,665.3282687392934,81.0.1,1012.859353308405,14.0 (15610.1.28.1.9),3185.370579299683
09dd5ef1d47633394f6e368ef62fd4f665cf18a6,2020-10-08,86.0.4240.75,668.9554134350783,81.0.1,1019.2395616417384,14.0 (15610.1.28.1.9),3218.775546667385
5aa2338912de01de0eeef37e3cf5626cfe25a0f3,2020-10-09,86.0.4240.75,665.1740410225657,81.0.1,1016.1510199750718,14.0 (15610.1.28.1.9),3189.86343644254
1b2893a628c429d144e2b5f7eb5d93855127cacb,2020-10-11,86.0.4240.75,664.3218584828832,81.0.1,1014.859353308405,14.0 (15610.1.28.1.9),3187.932159801422
03de677ae150e8f0117ff22cd5f1a74429e334c4,2020-10-13,86.0.4240.75,665.8085648320896,81.0.1,1016.5399088639607,14.0 (15610.1.28.1.9),3181.6228633312608
5fcc1c2184a256ba8f684f4b12c6ec5543e62313,2020-10-14,86.0.4240.75,677.0719290168462,81.0.2,1022.606297705829,14.0 (15610.1.28.1.9),3213.957639483701
399db71122d26363cf3c5e41bb97b4ff06caf85c,2020-10-15,86.0.4240.75,674.6700959747608,81.0.2,1020.3951171972939,14.0 (15610.1.28.1.9),3211.1326642870963
490a85a94c653a7097195506cb54fed7df909921,2020-10-16,86.0.4240.75,671.5708664193911,81.0.2,1015.0372004836067,14.0 (15610.1.28.1.9),3185.1804502941245
91376d70bde4173790a6b4bd5098e32261975825,2020-10-17,86.0.4240.75,674.7762235622482,81.0.2,1014.1371310861829,14.0 (15610.1.28.1.9),3188.0504594046224
8b94afceafbd71defd6e3a1f056321b7788e18c3,2020-10-18,86.0.4240.75,680.8437070858719,81.0.2,1021.1062283084052,14.0 (15610.1.28.1.9),3221.374171006009
83cff49301dabb7f04195600a65282b1a491ccd0,2020-10-19,86.0.4240.75,678.9457385406556,81.0.2,1023.5257421502735,14.0 (15610.1.28.1.9),3218.363915961086
0f57631975fa3c48a1149c21bd0485e0aa9e6e0d,2020-10-20,86.0.4240.75,681.2496594668243,81.0.2,1024.6019326264638,14.0 (15610.1.28.1.9),3215.172415692498
ebbf27b4a974d0ae0b9f0a79f77860a9151fa5fe,2020-10-21,86.0.4240.111,675.9992394352641,82.0,1006.4200675941194,14.0 (15610.1.28.1.9),3208.5584509257396
d004bddde373550fe9a563487adda3e17fc4c697,2020-10-23,86.0.4240.111,686.2252166481752,82.0,1005.1199755562235,14.0 (15610.1.28.1.9),3227.1492953087877
731cc1d303d9a72422144690101765492e1d3e6c,2020-10-24,86.0.4240.111,687.3051769656355,82.0,1004.7171977784458,14.0 (15610.1.28.1.9),3228.926931103166
779dc12974e409ffe4b998bddf740cfb883f2e50,2020-10-27,86.0.4240.111,686.643517944229,82.0,1003.2693617864317,14.0 (15610.1.28.1.9),3224.5747909178276
